periodo,cod_provincia,provincia,cod_depto,departamento,titulares
2009-12-31,06,Buenos Aires,06274,Florencio Varela,4192
2009-12-31,06,Buenos Aires,06098,Berisso,376
2009-12-31,06,Buenos Aires,06028,Almirante Brown,1142
2009-12-31,06,Buenos Aires,06070,Baradero,1
2009-12-31,06,Buenos Aires,06091,Berazategui,1536
2009-12-31,06,Buenos Aires,06245,Ensenada,301
2009-12-31,06,Buenos Aires,06515,Malvinas Argentinas,862
2009-12-31,06,Buenos Aires,06035,Avellaneda,1509
2009-12-31,06,Buenos Aires,06371,General San Martín,1036
2009-12-31,06,Buenos Aires,06252,Escobar,448
2009-12-31,06,Buenos Aires,06408,Hurlingham,503
2009-12-31,06,Buenos Aires,06161,Carmen de Areco,1
2009-12-31,06,Buenos Aires,06357,General Pueyrredón,1
2009-12-31,06,Buenos Aires,06476,Lobería,1
2009-12-31,06,Buenos Aires,06648,Presidente Perón,104
2009-12-31,06,Buenos Aires,06126,Campana,504
2009-12-31,06,Buenos Aires,06427,La Matanza,4215
2009-12-31,06,Buenos Aires,06351,General Pinto,1
2009-12-31,06,Buenos Aires,06434,Lanús,1749
2009-12-31,06,Buenos Aires,06260,Esteban Echeverría,10
2009-12-31,06,Buenos Aires,06420,La Costa,1
2009-12-31,06,Buenos Aires,06532,Mercedes,564
2009-12-31,06,Buenos Aires,06560,Moreno,2780
2009-12-31,06,Buenos Aires,06134,Cañuelas,2
2009-12-31,06,Buenos Aires,06638,Pilar,880
2009-12-31,06,Buenos Aires,06364,General Rodríguez,387
2009-12-31,06,Buenos Aires,06568,Morón,605
2009-12-31,06,Buenos Aires,06270,Ezeiza,1995
2009-12-31,06,Buenos Aires,06525,Marcos Paz,163
2009-12-31,06,Buenos Aires,06539,Merlo,719
2009-12-31,06,Buenos Aires,06658,Quilmes,1786
2009-12-31,06,Buenos Aires,06301,General Belgrano,1
2009-12-31,06,Buenos Aires,06749,San Fernando,959
2009-12-31,06,Buenos Aires,06441,La Plata,2
2009-12-31,06,Buenos Aires,06760,San Miguel,1314
2009-12-31,06,Buenos Aires,06329,General Las Heras,265
2009-12-31,06,Buenos Aires,06805,Tigre,1652
2009-12-31,06,Buenos Aires,06410,Ituzaingó,856
2009-12-31,06,Buenos Aires,06756,San Isidro,1
2009-12-31,06,Buenos Aires,06343,General Paz,1
2009-12-31,06,Buenos Aires,06882,Zárate,670
2009-12-31,06,Buenos Aires,06490,Lomas de Zamora,1322
2009-12-31,06,Buenos Aires,06412,José C. Paz,23
2009-12-31,06,Buenos Aires,06840,Tres de Febrero,1197
2009-12-31,06,Buenos Aires,06497,Luján,276
2009-12-31,06,Buenos Aires,06778,San Vicente,519
2009-12-31,22,Chaco,22140,San Fernando,2
2009-12-31,18,Corrientes,18021,Capital,1
2009-12-31,30,Entre Ríos,30015,Concordia,2
2009-12-31,34,Formosa,34014,Formosa,2
2009-12-31,54,Misiones,54028,Capital,3
2009-12-31,62,Río Negro,62021,Bariloche,2
2009-12-31,70,San Juan,70035,Caucete,1
2009-12-31,86,Santiago del Estero,86049,Capital,1
2009-12-31,86,Santiago del Estero,86035,Banda,1
2009-12-31,90,Tucumán,90014,Cruz Alta,1883
2009-12-31,90,Tucumán,90119,Yerba Buena,261
2009-12-31,90,Tucumán,90091,Simoca,1760
2009-12-31,90,Tucumán,90105,Tafí Viejo,1431
2009-12-31,90,Tucumán,90084,Capital,5152
2009-12-31,90,Tucumán,90063,Lules,1011
2010-12-31,06,Buenos Aires,06134,Cañuelas,1259
2010-12-31,06,Buenos Aires,06007,Adolfo Alsina,1
2010-12-31,06,Buenos Aires,06028,Almirante Brown,5458
2010-12-31,06,Buenos Aires,06070,Baradero,2
2010-12-31,06,Buenos Aires,06196,Coronel Pringles,1
2010-12-31,06,Buenos Aires,06119,Brandsen,3
2010-12-31,06,Buenos Aires,06077,Arrecifes,1
2010-12-31,06,Buenos Aires,06126,Campana,759
2010-12-31,06,Buenos Aires,06301,General Belgrano,2
2010-12-31,06,Buenos Aires,06035,Avellaneda,6209
2010-12-31,06,Buenos Aires,06161,Carmen de Areco,1
2010-12-31,06,Buenos Aires,06091,Berazategui,6008
2010-12-31,06,Buenos Aires,06274,Florencio Varela,8401
2010-12-31,06,Buenos Aires,06252,Escobar,1602
2010-12-31,06,Buenos Aires,06245,Ensenada,1903
2010-12-31,06,Buenos Aires,06175,Colón,1
2010-12-31,06,Buenos Aires,06553,Monte Hermoso,1
2010-12-31,06,Buenos Aires,06098,Berisso,2334
2010-12-31,06,Buenos Aires,06260,Esteban Echeverría,2723
2010-12-31,06,Buenos Aires,06351,General Pinto,2
2010-12-31,06,Buenos Aires,06357,General Pueyrredón,3
2010-12-31,06,Buenos Aires,06364,General Rodríguez,908
2010-12-31,06,Buenos Aires,06532,Mercedes,886
2010-12-31,06,Buenos Aires,06322,General La Madrid,1
2010-12-31,06,Buenos Aires,06568,Morón,1891
2010-12-31,06,Buenos Aires,06410,Ituzaingó,1796
2010-12-31,06,Buenos Aires,06270,Ezeiza,4750
2010-12-31,06,Buenos Aires,06420,La Costa,5
2010-12-31,06,Buenos Aires,06371,General San Martín,6489
2010-12-31,06,Buenos Aires,06441,La Plata,1979
2010-12-31,06,Buenos Aires,06602,Patagones,1
2010-12-31,06,Buenos Aires,06497,Luján,717
2010-12-31,06,Buenos Aires,06648,Presidente Perón,1768
2010-12-31,06,Buenos Aires,06483,Lobos,1
2010-12-31,06,Buenos Aires,06329,General Las Heras,681
2010-12-31,06,Buenos Aires,06476,Lobería,1
2010-12-31,06,Buenos Aires,06427,La Matanza,15872
2010-12-31,06,Buenos Aires,06466,Lezama,1
2010-12-31,06,Buenos Aires,06756,San Isidro,1
2010-12-31,06,Buenos Aires,06778,San Vicente,1893
2010-12-31,06,Buenos Aires,06861,Vicente López,1
2010-12-31,06,Buenos Aires,06515,Malvinas Argentinas,3590
2010-12-31,06,Buenos Aires,06343,General Paz,1
2010-12-31,06,Buenos Aires,06525,Marcos Paz,1068
2010-12-31,06,Buenos Aires,06490,Lomas de Zamora,9018
2010-12-31,06,Buenos Aires,06574,Navarro,3
2010-12-31,06,Buenos Aires,06408,Hurlingham,2239
2010-12-31,06,Buenos Aires,06812,Tordillo,1
2010-12-31,06,Buenos Aires,06638,Pilar,2885
2010-12-31,06,Buenos Aires,06623,Pergamino,1
2010-12-31,06,Buenos Aires,06412,José C. Paz,13503
2010-12-31,06,Buenos Aires,06539,Merlo,2871
2010-12-31,06,Buenos Aires,06658,Quilmes,10284
2010-12-31,06,Buenos Aires,06805,Tigre,2316
2010-12-31,06,Buenos Aires,06434,Lanús,5016
2010-12-31,06,Buenos Aires,06868,Villa Gesell,3
2010-12-31,06,Buenos Aires,06840,Tres de Febrero,2971
2010-12-31,06,Buenos Aires,06882,Zárate,1340
2010-12-31,06,Buenos Aires,06560,Moreno,6692
2010-12-31,06,Buenos Aires,06749,San Fernando,2151
2010-12-31,06,Buenos Aires,06760,San Miguel,4480
2010-12-31,22,Chaco,22063,General Güemes,1
2010-12-31,22,Chaco,22140,San Fernando,14
2010-12-31,02,Ciudad de Buenos Aires,02000,"Comuna 1,Comuna 10,Comuna 11,Comuna 12,Comuna 13,Comuna 14,Comuna 15,Comuna 2,Comuna 3,Comuna 4,Comuna 5,Comuna 6,Comuna 7,Comuna 8,Comuna 9",1
2010-12-31,18,Corrientes,18021,Capital,2934
2010-12-31,18,Corrientes,18091,Lavalle,1
2010-12-31,30,Entre Ríos,30070,La Paz,1
2010-12-31,30,Entre Ríos,30015,Concordia,2070
2010-12-31,30,Entre Ríos,30084,Paraná,3
2010-12-31,34,Formosa,34014,Formosa,2
2010-12-31,50,Mendoza,50098,San Martín,900
2010-12-31,54,Misiones,54028,Capital,5
2010-12-31,54,Misiones,54042,Eldorado,1
2010-12-31,62,Río Negro,62021,Bariloche,4
2010-12-31,66,Salta,66028,Capital,1
2010-12-31,70,San Juan,70035,Caucete,2
2010-12-31,86,Santiago del Estero,86049,Capital,5
2010-12-31,86,Santiago del Estero,86035,Banda,2
2010-12-31,90,Tucumán,90063,Lules,1214
2010-12-31,90,Tucumán,90091,Simoca,2211
2010-12-31,90,Tucumán,90084,Capital,6110
2010-12-31,90,Tucumán,90014,Cruz Alta,2371
2010-12-31,90,Tucumán,90105,Tafí Viejo,1976
2010-12-31,90,Tucumán,90119,Yerba Buena,351
2011-12-31,06,Buenos Aires,06035,Avellaneda,5728
2011-12-31,06,Buenos Aires,06098,Berisso,2364
2011-12-31,06,Buenos Aires,06091,Berazategui,6069
2011-12-31,06,Buenos Aires,06070,Baradero,2
2011-12-31,06,Buenos Aires,06077,Arrecifes,1
2011-12-31,06,Buenos Aires,06028,Almirante Brown,5398
2011-12-31,06,Buenos Aires,06196,Coronel Pringles,1
2011-12-31,06,Buenos Aires,06007,Adolfo Alsina,1
2011-12-31,06,Buenos Aires,06049,Azul,1
2011-12-31,06,Buenos Aires,06483,Lobos,1
2011-12-31,06,Buenos Aires,06420,La Costa,5
2011-12-31,06,Buenos Aires,06351,General Pinto,2
2011-12-31,06,Buenos Aires,06126,Campana,593
2011-12-31,06,Buenos Aires,06322,General La Madrid,1
2011-12-31,06,Buenos Aires,06274,Florencio Varela,7565
2011-12-31,06,Buenos Aires,06119,Brandsen,2
2011-12-31,06,Buenos Aires,06112,Bragado,1
2011-12-31,06,Buenos Aires,06515,Malvinas Argentinas,3140
2011-12-31,06,Buenos Aires,06427,La Matanza,18314
2011-12-31,06,Buenos Aires,06434,Lanús,4951
2011-12-31,06,Buenos Aires,06175,Colón,1
2011-12-31,06,Buenos Aires,06408,Hurlingham,2154
2011-12-31,06,Buenos Aires,06357,General Pueyrredón,3
2011-12-31,06,Buenos Aires,06245,Ensenada,1947
2011-12-31,06,Buenos Aires,06134,Cañuelas,1192
2011-12-31,06,Buenos Aires,06553,Monte Hermoso,1
2011-12-31,06,Buenos Aires,06525,Marcos Paz,1126
2011-12-31,06,Buenos Aires,06476,Lobería,1
2011-12-31,06,Buenos Aires,06270,Ezeiza,4292
2011-12-31,06,Buenos Aires,06539,Merlo,3567
2011-12-31,06,Buenos Aires,06371,General San Martín,6453
2011-12-31,06,Buenos Aires,06252,Escobar,1428
2011-12-31,06,Buenos Aires,06260,Esteban Echeverría,3596
2011-12-31,06,Buenos Aires,06568,Morón,2049
2011-12-31,06,Buenos Aires,06638,Pilar,3340
2011-12-31,06,Buenos Aires,06756,San Isidro,1
2011-12-31,06,Buenos Aires,06329,General Las Heras,611
2011-12-31,06,Buenos Aires,06560,Moreno,6712
2011-12-31,06,Buenos Aires,06490,Lomas de Zamora,9835
2011-12-31,06,Buenos Aires,06364,General Rodríguez,679
2011-12-31,06,Buenos Aires,06301,General Belgrano,2
2011-12-31,06,Buenos Aires,06648,Presidente Perón,1868
2011-12-31,06,Buenos Aires,06658,Quilmes,10212
2011-12-31,06,Buenos Aires,06778,San Vicente,1798
2011-12-31,06,Buenos Aires,06343,General Paz,2
2011-12-31,06,Buenos Aires,06868,Villa Gesell,3
2011-12-31,06,Buenos Aires,06763,San Nicolás,1
2011-12-31,06,Buenos Aires,06441,La Plata,2730
2011-12-31,06,Buenos Aires,06410,Ituzaingó,1972
2011-12-31,06,Buenos Aires,06784,Suipacha,1
2011-12-31,06,Buenos Aires,06840,Tres de Febrero,2795
2011-12-31,06,Buenos Aires,06805,Tigre,1727
2011-12-31,06,Buenos Aires,06412,José C. Paz,13065
2011-12-31,06,Buenos Aires,06466,Lezama,1
2011-12-31,06,Buenos Aires,06861,Vicente López,1
2011-12-31,06,Buenos Aires,06882,Zárate,1141
2011-12-31,06,Buenos Aires,06497,Luján,663
2011-12-31,06,Buenos Aires,06574,Navarro,31
2011-12-31,06,Buenos Aires,06532,Mercedes,701
2011-12-31,06,Buenos Aires,06602,Patagones,1
2011-12-31,06,Buenos Aires,06749,San Fernando,1897
2011-12-31,06,Buenos Aires,06623,Pergamino,1
2011-12-31,06,Buenos Aires,06760,San Miguel,4281
2011-12-31,06,Buenos Aires,06812,Tordillo,1
2011-12-31,22,Chaco,22063,General Güemes,1
2011-12-31,22,Chaco,22140,San Fernando,14
2011-12-31,02,Ciudad de Buenos Aires,02000,"Comuna 1,Comuna 10,Comuna 11,Comuna 12,Comuna 13,Comuna 14,Comuna 15,Comuna 2,Comuna 3,Comuna 4,Comuna 5,Comuna 6,Comuna 7,Comuna 8,Comuna 9",1
2011-12-31,18,Corrientes,18021,Capital,2613
2011-12-31,18,Corrientes,18091,Lavalle,1
2011-12-31,30,Entre Ríos,30015,Concordia,2252
2011-12-31,30,Entre Ríos,30070,La Paz,1
2011-12-31,30,Entre Ríos,30084,Paraná,2907
2011-12-31,34,Formosa,34014,Formosa,1011
2011-12-31,46,La Rioja,46014,Capital,1454
2011-12-31,50,Mendoza,50098,San Martín,1158
2011-12-31,50,Mendoza,50007,Capital,1
2011-12-31,54,Misiones,54028,Capital,832
2011-12-31,54,Misiones,54042,Eldorado,376
2011-12-31,62,Río Negro,62021,Bariloche,477
2011-12-31,66,Salta,66028,Capital,1010
2011-12-31,70,San Juan,70126,25 de Mayo,51
2011-12-31,70,San Juan,70014,Angaco,59
2011-12-31,70,San Juan,70091,San Martín,61
2011-12-31,70,San Juan,70035,Caucete,64
2011-12-31,70,San Juan,70021,Calingasta,53
2011-12-31,70,San Juan,70028,Capital,200
2011-12-31,70,San Juan,70070,Pocito,127
2011-12-31,70,San Juan,70007,Albardón,46
2011-12-31,70,San Juan,70042,Chimbas,346
2011-12-31,70,San Juan,70056,Jáchal,56
2011-12-31,70,San Juan,70105,Sarmiento,56
2011-12-31,70,San Juan,70077,Rawson,374
2011-12-31,70,San Juan,70063,9 de Julio,53
2011-12-31,70,San Juan,70049,Iglesia,59
2011-12-31,70,San Juan,70119,Valle Fértil,60
2011-12-31,70,San Juan,70098,Santa Lucía,100
2011-12-31,70,San Juan,70133,Zonda,54
2011-12-31,70,San Juan,70084,Rivadavia,134
2011-12-31,70,San Juan,70112,Ullúm,49
2011-12-31,86,Santiago del Estero,86035,Banda,1049
2011-12-31,86,Santiago del Estero,86049,Capital,1256
2011-12-31,90,Tucumán,90014,Cruz Alta,2339
2011-12-31,90,Tucumán,90091,Simoca,2279
2011-12-31,90,Tucumán,90063,Lules,1221
2011-12-31,90,Tucumán,90084,Capital,6157
2011-12-31,90,Tucumán,90105,Tafí Viejo,1834
2011-12-31,90,Tucumán,90119,Yerba Buena,381
2012-12-31,06,Buenos Aires,06049,Azul,1
2012-12-31,06,Buenos Aires,06077,Arrecifes,1
2012-12-31,06,Buenos Aires,06070,Baradero,1
2012-12-31,06,Buenos Aires,06098,Berisso,1958
2012-12-31,06,Buenos Aires,06134,Cañuelas,907
2012-12-31,06,Buenos Aires,06028,Almirante Brown,3536
2012-12-31,06,Buenos Aires,06035,Avellaneda,4436
2012-12-31,06,Buenos Aires,06007,Adolfo Alsina,1
2012-12-31,06,Buenos Aires,06270,Ezeiza,3509
2012-12-31,06,Buenos Aires,06329,General Las Heras,667
2012-12-31,06,Buenos Aires,06091,Berazategui,5234
2012-12-31,06,Buenos Aires,06260,Esteban Echeverría,2892
2012-12-31,06,Buenos Aires,06196,Coronel Pringles,1
2012-12-31,06,Buenos Aires,06408,Hurlingham,1697
2012-12-31,06,Buenos Aires,06112,Bragado,1
2012-12-31,06,Buenos Aires,06245,Ensenada,1443
2012-12-31,06,Buenos Aires,06301,General Belgrano,1
2012-12-31,06,Buenos Aires,06532,Mercedes,508
2012-12-31,06,Buenos Aires,06351,General Pinto,2
2012-12-31,06,Buenos Aires,06322,General La Madrid,1
2012-12-31,06,Buenos Aires,06274,Florencio Varela,6155
2012-12-31,06,Buenos Aires,06434,Lanús,4121
2012-12-31,06,Buenos Aires,06126,Campana,381
2012-12-31,06,Buenos Aires,06252,Escobar,973
2012-12-31,06,Buenos Aires,06568,Morón,1412
2012-12-31,06,Buenos Aires,06648,Presidente Perón,1522
2012-12-31,06,Buenos Aires,06420,La Costa,5
2012-12-31,06,Buenos Aires,06343,General Paz,1
2012-12-31,06,Buenos Aires,06357,General Pueyrredón,2
2012-12-31,06,Buenos Aires,06560,Moreno,5015
2012-12-31,06,Buenos Aires,06175,Colón,1
2012-12-31,06,Buenos Aires,06364,General Rodríguez,538
2012-12-31,06,Buenos Aires,06658,Quilmes,8354
2012-12-31,06,Buenos Aires,06749,San Fernando,1388
2012-12-31,06,Buenos Aires,06427,La Matanza,14097
2012-12-31,06,Buenos Aires,06410,Ituzaingó,1445
2012-12-31,06,Buenos Aires,06371,General San Martín,5406
2012-12-31,06,Buenos Aires,06638,Pilar,2363
2012-12-31,06,Buenos Aires,06539,Merlo,3150
2012-12-31,06,Buenos Aires,06441,La Plata,2072
2012-12-31,06,Buenos Aires,06861,Vicente López,1
2012-12-31,06,Buenos Aires,06760,San Miguel,3676
2012-12-31,06,Buenos Aires,06497,Luján,445
2012-12-31,06,Buenos Aires,06412,José C. Paz,10813
2012-12-31,06,Buenos Aires,06490,Lomas de Zamora,7950
2012-12-31,06,Buenos Aires,06756,San Isidro,1
2012-12-31,06,Buenos Aires,06868,Villa Gesell,2
2012-12-31,06,Buenos Aires,06476,Lobería,1
2012-12-31,06,Buenos Aires,06763,San Nicolás,1
2012-12-31,06,Buenos Aires,06466,Lezama,1
2012-12-31,06,Buenos Aires,06525,Marcos Paz,1044
2012-12-31,06,Buenos Aires,06574,Navarro,29
2012-12-31,06,Buenos Aires,06840,Tres de Febrero,2269
2012-12-31,06,Buenos Aires,06515,Malvinas Argentinas,2348
2012-12-31,06,Buenos Aires,06778,San Vicente,1530
2012-12-31,06,Buenos Aires,06882,Zárate,795
2012-12-31,06,Buenos Aires,06805,Tigre,1446
2012-12-31,06,Buenos Aires,06784,Suipacha,1
2012-12-31,06,Buenos Aires,06812,Tordillo,1
2012-12-31,10,Catamarca,10049,Capital,1354
2012-12-31,10,Catamarca,10112,Valle Viejo,1
2012-12-31,22,Chaco,22140,San Fernando,4619
2012-12-31,22,Chaco,22063,General Güemes,1
2012-12-31,18,Corrientes,18091,Lavalle,1
2012-12-31,18,Corrientes,18021,Capital,2358
2012-12-31,30,Entre Ríos,30015,Concordia,2102
2012-12-31,30,Entre Ríos,30070,La Paz,1
2012-12-31,30,Entre Ríos,30084,Paraná,2774
2012-12-31,34,Formosa,34014,Formosa,934
2012-12-31,46,La Rioja,46014,Capital,1267
2012-12-31,50,Mendoza,50007,Capital,1
2012-12-31,50,Mendoza,50098,San Martín,1097
2012-12-31,54,Misiones,54028,Capital,806
2012-12-31,54,Misiones,54042,Eldorado,377
2012-12-31,62,Río Negro,62021,Bariloche,473
2012-12-31,66,Salta,66028,Capital,994
2012-12-31,70,San Juan,70049,Iglesia,55
2012-12-31,70,San Juan,70007,Albardón,40
2012-12-31,70,San Juan,70042,Chimbas,311
2012-12-31,70,San Juan,70014,Angaco,58
2012-12-31,70,San Juan,70077,Rawson,311
2012-12-31,70,San Juan,70070,Pocito,100
2012-12-31,70,San Juan,70063,9 de Julio,53
2012-12-31,70,San Juan,70021,Calingasta,52
2012-12-31,70,San Juan,70105,Sarmiento,55
2012-12-31,70,San Juan,70035,Caucete,61
2012-12-31,70,San Juan,70091,San Martín,67
2012-12-31,70,San Juan,70112,Ullúm,46
2012-12-31,70,San Juan,70119,Valle Fértil,59
2012-12-31,70,San Juan,70028,Capital,164
2012-12-31,70,San Juan,70098,Santa Lucía,78
2012-12-31,70,San Juan,70056,Jáchal,54
2012-12-31,70,San Juan,70126,25 de Mayo,54
2012-12-31,70,San Juan,70084,Rivadavia,97
2012-12-31,70,San Juan,70133,Zonda,50
2012-12-31,74,San Luis,74056,Juan Martín Pueyrredón,254
2012-12-31,86,Santiago del Estero,86049,Capital,1215
2012-12-31,86,Santiago del Estero,86035,Banda,997
2012-12-31,90,Tucumán,90091,Simoca,2237
2012-12-31,90,Tucumán,90119,Yerba Buena,382
2012-12-31,90,Tucumán,90063,Lules,1192
2012-12-31,90,Tucumán,90084,Capital,5963
2012-12-31,90,Tucumán,90014,Cruz Alta,2274
2012-12-31,90,Tucumán,90105,Tafí Viejo,1682
2013-12-31,06,Buenos Aires,06049,Azul,57
2013-12-31,06,Buenos Aires,06134,Cañuelas,790
2013-12-31,06,Buenos Aires,06007,Adolfo Alsina,178
2013-12-31,06,Buenos Aires,06098,Berisso,1672
2013-12-31,06,Buenos Aires,06035,Avellaneda,3881
2013-12-31,06,Buenos Aires,06021,Alberti,89
2013-12-31,06,Buenos Aires,06063,Balcarce,14
2013-12-31,06,Buenos Aires,06014,Adolfo Gonzales Chaves,86
2013-12-31,06,Buenos Aires,06119,Brandsen,56
2013-12-31,06,Buenos Aires,06168,Castelli,64
2013-12-31,06,Buenos Aires,06245,Ensenada,1448
2013-12-31,06,Buenos Aires,06322,General La Madrid,48
2013-12-31,06,Buenos Aires,06077,Arrecifes,91
2013-12-31,06,Buenos Aires,06028,Almirante Brown,3108
2013-12-31,06,Buenos Aires,06070,Baradero,123
2013-12-31,06,Buenos Aires,06091,Berazategui,4724
2013-12-31,06,Buenos Aires,06140,Capitán Sarmiento,42
2013-12-31,06,Buenos Aires,06196,Coronel Pringles,2
2013-12-31,06,Buenos Aires,06413,Junín,1
2013-12-31,06,Buenos Aires,06399,Guaminí,59
2013-12-31,06,Buenos Aires,06084,Benito Juárez,36
2013-12-31,06,Buenos Aires,06105,Bolívar,37
2013-12-31,06,Buenos Aires,06147,Carlos Casares,85
2013-12-31,06,Buenos Aires,06315,General Juan Madariaga,52
2013-12-31,06,Buenos Aires,06161,Carmen de Areco,47
2013-12-31,06,Buenos Aires,06203,Coronel Suárez,45
2013-12-31,06,Buenos Aires,06476,Lobería,1
2013-12-31,06,Buenos Aires,06466,Lezama,12
2013-12-31,06,Buenos Aires,06112,Bragado,148
2013-12-31,06,Buenos Aires,06274,Florencio Varela,5819
2013-12-31,06,Buenos Aires,06175,Colón,1
2013-12-31,06,Buenos Aires,06420,La Costa,4
2013-12-31,06,Buenos Aires,06210,Chacabuco,152
2013-12-31,06,Buenos Aires,06357,General Pueyrredón,1243
2013-12-31,06,Buenos Aires,06602,Patagones,87
2013-12-31,06,Buenos Aires,06483,Lobos,165
2013-12-31,06,Buenos Aires,06126,Campana,336
2013-12-31,06,Buenos Aires,06371,General San Martín,4809
2013-12-31,06,Buenos Aires,06182,Coronel de Marina Leonardo Rosales,65
2013-12-31,06,Buenos Aires,06539,Merlo,2743
2013-12-31,06,Buenos Aires,06224,Chivilcoy,270
2013-12-31,06,Buenos Aires,06490,Lomas de Zamora,7056
2013-12-31,06,Buenos Aires,06644,Pinamar,26
2013-12-31,06,Buenos Aires,06515,Malvinas Argentinas,1191
2013-12-31,06,Buenos Aires,06301,General Belgrano,66
2013-12-31,06,Buenos Aires,06427,La Matanza,12503
2013-12-31,06,Buenos Aires,06189,Coronel Dorrego,186
2013-12-31,06,Buenos Aires,06648,Presidente Perón,1328
2013-12-31,06,Buenos Aires,06260,Esteban Echeverría,2473
2013-12-31,06,Buenos Aires,06525,Marcos Paz,886
2013-12-31,06,Buenos Aires,06672,Rauch,1
2013-12-31,06,Buenos Aires,06553,Monte Hermoso,54
2013-12-31,06,Buenos Aires,06410,Ituzaingó,1337
2013-12-31,06,Buenos Aires,06560,Moreno,4291
2013-12-31,06,Buenos Aires,06252,Escobar,871
2013-12-31,06,Buenos Aires,06700,Saavedra,64
2013-12-31,06,Buenos Aires,06270,Ezeiza,3034
2013-12-31,06,Buenos Aires,06651,Puán,62
2013-12-31,06,Buenos Aires,06805,Tigre,1259
2013-12-31,06,Buenos Aires,06568,Morón,1125
2013-12-31,06,Buenos Aires,06532,Mercedes,386
2013-12-31,06,Buenos Aires,06581,Necochea,63
2013-12-31,06,Buenos Aires,06351,General Pinto,2
2013-12-31,06,Buenos Aires,06868,Villa Gesell,2
2013-12-31,06,Buenos Aires,06280,General Alvarado,102
2013-12-31,06,Buenos Aires,06686,Rojas,47
2013-12-31,06,Buenos Aires,06882,Zárate,695
2013-12-31,06,Buenos Aires,06658,Quilmes,7505
2013-12-31,06,Buenos Aires,06630,Pila,52
2013-12-31,06,Buenos Aires,06638,Pilar,1858
2013-12-31,06,Buenos Aires,06364,General Rodríguez,475
2013-12-31,06,Buenos Aires,06784,Suipacha,49
2013-12-31,06,Buenos Aires,06329,General Las Heras,630
2013-12-31,06,Buenos Aires,06840,Tres de Febrero,1990
2013-12-31,06,Buenos Aires,06408,Hurlingham,1430
2013-12-31,06,Buenos Aires,06728,San Andrés de Giles,48
2013-12-31,06,Buenos Aires,06655,Punta Indio,60
2013-12-31,06,Buenos Aires,06861,Vicente López,1
2013-12-31,06,Buenos Aires,06434,Lanús,3683
2013-12-31,06,Buenos Aires,06763,San Nicolás,390
2013-12-31,06,Buenos Aires,06343,General Paz,354
2013-12-31,06,Buenos Aires,06441,La Plata,1595
2013-12-31,06,Buenos Aires,06749,San Fernando,1184
2013-12-31,06,Buenos Aires,06497,Luján,332
2013-12-31,06,Buenos Aires,06385,General Viamonte,88
2013-12-31,06,Buenos Aires,06735,San Antonio de Areco,65
2013-12-31,06,Buenos Aires,06760,San Miguel,3264
2013-12-31,06,Buenos Aires,06778,San Vicente,1376
2013-12-31,06,Buenos Aires,06412,José C. Paz,9442
2013-12-31,06,Buenos Aires,06812,Tordillo,33
2013-12-31,06,Buenos Aires,06847,Tres Lomas,25
2013-12-31,06,Buenos Aires,06448,Laprida,58
2013-12-31,06,Buenos Aires,06547,Monte,83
2013-12-31,06,Buenos Aires,06574,Navarro,151
2013-12-31,06,Buenos Aires,06609,Pehuajó,35
2013-12-31,06,Buenos Aires,06693,Roque Pérez,64
2013-12-31,10,Catamarca,10049,Capital,1238
2013-12-31,22,Chaco,22140,San Fernando,3886
2013-12-31,18,Corrientes,18021,Capital,2218
2013-12-31,18,Corrientes,18091,Lavalle,1
2013-12-31,30,Entre Ríos,30084,Paraná,2244
2013-12-31,30,Entre Ríos,30070,La Paz,1
2013-12-31,30,Entre Ríos,30015,Concordia,1904
2013-12-31,34,Formosa,34014,Formosa,686
2013-12-31,46,La Rioja,46014,Capital,1103
2013-12-31,50,Mendoza,50007,Capital,1
2013-12-31,50,Mendoza,50098,San Martín,1048
2013-12-31,54,Misiones,54042,Eldorado,300
2013-12-31,54,Misiones,54028,Capital,672
2013-12-31,62,Río Negro,62021,Bariloche,420
2013-12-31,66,Salta,66028,Capital,676
2013-12-31,70,San Juan,70007,Albardón,19
2013-12-31,70,San Juan,70014,Angaco,51
2013-12-31,70,San Juan,70042,Chimbas,261
2013-12-31,70,San Juan,70049,Iglesia,51
2013-12-31,70,San Juan,70091,San Martín,61
2013-12-31,70,San Juan,70112,Ullúm,40
2013-12-31,70,San Juan,70035,Caucete,45
2013-12-31,70,San Juan,70021,Calingasta,45
2013-12-31,70,San Juan,70077,Rawson,232
2013-12-31,70,San Juan,70084,Rivadavia,62
2013-12-31,70,San Juan,70063,9 de Julio,50
2013-12-31,70,San Juan,70028,Capital,86
2013-12-31,70,San Juan,70098,Santa Lucía,46
2013-12-31,70,San Juan,70126,25 de Mayo,53
2013-12-31,70,San Juan,70070,Pocito,78
2013-12-31,70,San Juan,70056,Jáchal,42
2013-12-31,70,San Juan,70133,Zonda,45
2013-12-31,70,San Juan,70105,Sarmiento,46
2013-12-31,70,San Juan,70119,Valle Fértil,51
2013-12-31,74,San Luis,74056,Juan Martín Pueyrredón,292
2013-12-31,86,Santiago del Estero,86049,Capital,1094
2013-12-31,86,Santiago del Estero,86035,Banda,951
2013-12-31,90,Tucumán,90084,Capital,5280
2013-12-31,90,Tucumán,90119,Yerba Buena,365
2013-12-31,90,Tucumán,90091,Simoca,2079
2013-12-31,90,Tucumán,90105,Tafí Viejo,1453
2013-12-31,90,Tucumán,90063,Lules,1102
2013-12-31,90,Tucumán,90014,Cruz Alta,2118
2014-12-31,06,Buenos Aires,06014,Adolfo Gonzales Chaves,81
2014-12-31,06,Buenos Aires,06119,Brandsen,50
2014-12-31,06,Buenos Aires,06134,Cañuelas,675
2014-12-31,06,Buenos Aires,06035,Avellaneda,3633
2014-12-31,06,Buenos Aires,06028,Almirante Brown,2912
2014-12-31,06,Buenos Aires,06007,Adolfo Alsina,178
2014-12-31,06,Buenos Aires,06049,Azul,62
2014-12-31,06,Buenos Aires,06021,Alberti,56
2014-12-31,06,Buenos Aires,06077,Arrecifes,87
2014-12-31,06,Buenos Aires,06161,Carmen de Areco,46
2014-12-31,06,Buenos Aires,06168,Castelli,69
2014-12-31,06,Buenos Aires,06063,Balcarce,21
2014-12-31,06,Buenos Aires,06182,Coronel de Marina Leonardo Rosales,60
2014-12-31,06,Buenos Aires,06070,Baradero,107
2014-12-31,06,Buenos Aires,06140,Capitán Sarmiento,35
2014-12-31,06,Buenos Aires,06105,Bolívar,30
2014-12-31,06,Buenos Aires,06084,Benito Juárez,36
2014-12-31,06,Buenos Aires,06210,Chacabuco,174
2014-12-31,06,Buenos Aires,06203,Coronel Suárez,46
2014-12-31,06,Buenos Aires,06091,Berazategui,4342
2014-12-31,06,Buenos Aires,06274,Florencio Varela,5661
2014-12-31,06,Buenos Aires,06147,Carlos Casares,119
2014-12-31,06,Buenos Aires,06224,Chivilcoy,249
2014-12-31,06,Buenos Aires,06126,Campana,286
2014-12-31,06,Buenos Aires,06098,Berisso,1549
2014-12-31,06,Buenos Aires,06260,Esteban Echeverría,2151
2014-12-31,06,Buenos Aires,06277,Florentino Ameghino,55
2014-12-31,06,Buenos Aires,06112,Bragado,153
2014-12-31,06,Buenos Aires,06364,General Rodríguez,427
2014-12-31,06,Buenos Aires,06245,Ensenada,1231
2014-12-31,06,Buenos Aires,06270,Ezeiza,2738
2014-12-31,06,Buenos Aires,06175,Colón,22
2014-12-31,06,Buenos Aires,06315,General Juan Madariaga,52
2014-12-31,06,Buenos Aires,06322,General La Madrid,46
2014-12-31,06,Buenos Aires,06525,Marcos Paz,777
2014-12-31,06,Buenos Aires,06301,General Belgrano,105
2014-12-31,06,Buenos Aires,06408,Hurlingham,1247
2014-12-31,06,Buenos Aires,06476,Lobería,104
2014-12-31,06,Buenos Aires,06280,General Alvarado,50
2014-12-31,06,Buenos Aires,06189,Coronel Dorrego,172
2014-12-31,06,Buenos Aires,06483,Lobos,141
2014-12-31,06,Buenos Aires,06343,General Paz,344
2014-12-31,06,Buenos Aires,06568,Morón,1345
2014-12-31,06,Buenos Aires,06351,General Pinto,28
2014-12-31,06,Buenos Aires,06434,Lanús,3331
2014-12-31,06,Buenos Aires,06515,Malvinas Argentinas,1012
2014-12-31,06,Buenos Aires,06329,General Las Heras,548
2014-12-31,06,Buenos Aires,06196,Coronel Pringles,17
2014-12-31,06,Buenos Aires,06532,Mercedes,43
2014-12-31,06,Buenos Aires,06385,General Viamonte,70
2014-12-31,06,Buenos Aires,06651,Puán,63
2014-12-31,06,Buenos Aires,06410,Ituzaingó,1180
2014-12-31,06,Buenos Aires,06560,Moreno,3794
2014-12-31,06,Buenos Aires,06602,Patagones,97
2014-12-31,06,Buenos Aires,06357,General Pueyrredón,1322
2014-12-31,06,Buenos Aires,06252,Escobar,708
2014-12-31,06,Buenos Aires,06553,Monte Hermoso,54
2014-12-31,06,Buenos Aires,06399,Guaminí,77
2014-12-31,06,Buenos Aires,06861,Vicente López,1
2014-12-31,06,Buenos Aires,06420,La Costa,201
2014-12-31,06,Buenos Aires,06581,Necochea,64
2014-12-31,06,Buenos Aires,06644,Pinamar,22
2014-12-31,06,Buenos Aires,06448,Laprida,48
2014-12-31,06,Buenos Aires,06371,General San Martín,4350
2014-12-31,06,Buenos Aires,06648,Presidente Perón,1245
2014-12-31,06,Buenos Aires,06412,José C. Paz,8454
2014-12-31,06,Buenos Aires,06655,Punta Indio,99
2014-12-31,06,Buenos Aires,06539,Merlo,2369
2014-12-31,06,Buenos Aires,06638,Pilar,1601
2014-12-31,06,Buenos Aires,06672,Rauch,1
2014-12-31,06,Buenos Aires,06658,Quilmes,6712
2014-12-31,06,Buenos Aires,06427,La Matanza,11398
2014-12-31,06,Buenos Aires,06875,Villarino,82
2014-12-31,06,Buenos Aires,06466,Lezama,10
2014-12-31,06,Buenos Aires,06686,Rojas,14
2014-12-31,06,Buenos Aires,06700,Saavedra,61
2014-12-31,06,Buenos Aires,06728,San Andrés de Giles,44
2014-12-31,06,Buenos Aires,06784,Suipacha,62
2014-12-31,06,Buenos Aires,06693,Roque Pérez,57
2014-12-31,06,Buenos Aires,06441,La Plata,1366
2014-12-31,06,Buenos Aires,06735,San Antonio de Areco,69
2014-12-31,06,Buenos Aires,06547,Monte,72
2014-12-31,06,Buenos Aires,06763,San Nicolás,323
2014-12-31,06,Buenos Aires,06868,Villa Gesell,61
2014-12-31,06,Buenos Aires,06805,Tigre,836
2014-12-31,06,Buenos Aires,06490,Lomas de Zamora,6288
2014-12-31,06,Buenos Aires,06574,Navarro,140
2014-12-31,06,Buenos Aires,06497,Luján,271
2014-12-31,06,Buenos Aires,06882,Zárate,613
2014-12-31,06,Buenos Aires,06778,San Vicente,1239
2014-12-31,06,Buenos Aires,06609,Pehuajó,33
2014-12-31,06,Buenos Aires,06812,Tordillo,30
2014-12-31,06,Buenos Aires,06630,Pila,49
2014-12-31,06,Buenos Aires,06840,Tres de Febrero,1702
2014-12-31,06,Buenos Aires,06749,San Fernando,1058
2014-12-31,06,Buenos Aires,06847,Tres Lomas,22
2014-12-31,06,Buenos Aires,06760,San Miguel,3060
2014-12-31,10,Catamarca,10049,Capital,1177
2014-12-31,22,Chaco,22140,San Fernando,3712
2014-12-31,18,Corrientes,18091,Lavalle,1
2014-12-31,18,Corrientes,18021,Capital,2024
2014-12-31,30,Entre Ríos,30070,La Paz,1
2014-12-31,30,Entre Ríos,30015,Concordia,1739
2014-12-31,30,Entre Ríos,30084,Paraná,2094
2014-12-31,34,Formosa,34014,Formosa,628
2014-12-31,46,La Rioja,46014,Capital,1052
2014-12-31,50,Mendoza,50098,San Martín,901
2014-12-31,50,Mendoza,50007,Capital,1
2014-12-31,54,Misiones,54028,Capital,634
2014-12-31,54,Misiones,54042,Eldorado,274
2014-12-31,62,Río Negro,62021,Bariloche,342
2014-12-31,66,Salta,66028,Capital,620
2014-12-31,70,San Juan,70042,Chimbas,250
2014-12-31,70,San Juan,70077,Rawson,215
2014-12-31,70,San Juan,70007,Albardón,19
2014-12-31,70,San Juan,70014,Angaco,48
2014-12-31,70,San Juan,70091,San Martín,58
2014-12-31,70,San Juan,70049,Iglesia,46
2014-12-31,70,San Juan,70035,Caucete,39
2014-12-31,70,San Juan,70021,Calingasta,41
2014-12-31,70,San Juan,70063,9 de Julio,44
2014-12-31,70,San Juan,70133,Zonda,43
2014-12-31,70,San Juan,70070,Pocito,67
2014-12-31,70,San Juan,70112,Ullúm,39
2014-12-31,70,San Juan,70105,Sarmiento,41
2014-12-31,70,San Juan,70119,Valle Fértil,46
2014-12-31,70,San Juan,70084,Rivadavia,54
2014-12-31,70,San Juan,70028,Capital,81
2014-12-31,70,San Juan,70098,Santa Lucía,38
2014-12-31,70,San Juan,70126,25 de Mayo,51
2014-12-31,70,San Juan,70056,Jáchal,41
2014-12-31,74,San Luis,74056,Juan Martín Pueyrredón,266
2014-12-31,86,Santiago del Estero,86035,Banda,917
2014-12-31,86,Santiago del Estero,86049,Capital,1057
2014-12-31,90,Tucumán,90014,Cruz Alta,2050
2014-12-31,90,Tucumán,90084,Capital,5039
2014-12-31,90,Tucumán,90091,Simoca,2012
2014-12-31,90,Tucumán,90105,Tafí Viejo,1394
2014-12-31,90,Tucumán,90119,Yerba Buena,354
2014-12-31,90,Tucumán,90063,Lules,1062
2015-12-31,06,Buenos Aires,06119,Brandsen,51
2015-12-31,06,Buenos Aires,06042,Ayacucho,35
2015-12-31,06,Buenos Aires,06021,Alberti,53
2015-12-31,06,Buenos Aires,06014,Adolfo Gonzales Chaves,62
2015-12-31,06,Buenos Aires,06035,Avellaneda,3558
2015-12-31,06,Buenos Aires,06007,Adolfo Alsina,149
2015-12-31,06,Buenos Aires,06049,Azul,55
2015-12-31,06,Buenos Aires,06322,General La Madrid,35
2015-12-31,06,Buenos Aires,06140,Capitán Sarmiento,33
2015-12-31,06,Buenos Aires,06070,Baradero,115
2015-12-31,06,Buenos Aires,06028,Almirante Brown,3178
2015-12-31,06,Buenos Aires,06063,Balcarce,39
2015-12-31,06,Buenos Aires,06077,Arrecifes,92
2015-12-31,06,Buenos Aires,06175,Colón,23
2015-12-31,06,Buenos Aires,06134,Cañuelas,637
2015-12-31,06,Buenos Aires,06357,General Pueyrredón,1227
2015-12-31,06,Buenos Aires,06161,Carmen de Areco,36
2015-12-31,06,Buenos Aires,06147,Carlos Casares,125
2015-12-31,06,Buenos Aires,06105,Bolívar,19
2015-12-31,06,Buenos Aires,06091,Berazategui,3995
2015-12-31,06,Buenos Aires,06084,Benito Juárez,35
2015-12-31,06,Buenos Aires,06182,Coronel de Marina Leonardo Rosales,35
2015-12-31,06,Buenos Aires,06168,Castelli,57
2015-12-31,06,Buenos Aires,06466,Lezama,17
2015-12-31,06,Buenos Aires,06270,Ezeiza,2537
2015-12-31,06,Buenos Aires,06210,Chacabuco,163
2015-12-31,06,Buenos Aires,06126,Campana,268
2015-12-31,06,Buenos Aires,06098,Berisso,1411
2015-12-31,06,Buenos Aires,06112,Bragado,127
2015-12-31,06,Buenos Aires,06189,Coronel Dorrego,160
2015-12-31,06,Buenos Aires,06277,Florentino Ameghino,108
2015-12-31,06,Buenos Aires,06539,Merlo,2189
2015-12-31,06,Buenos Aires,06280,General Alvarado,44
2015-12-31,06,Buenos Aires,06245,Ensenada,1131
2015-12-31,06,Buenos Aires,06196,Coronel Pringles,18
2015-12-31,06,Buenos Aires,06351,General Pinto,27
2015-12-31,06,Buenos Aires,06224,Chivilcoy,182
2015-12-31,06,Buenos Aires,06252,Escobar,667
2015-12-31,06,Buenos Aires,06525,Marcos Paz,718
2015-12-31,06,Buenos Aires,06651,Puán,46
2015-12-31,06,Buenos Aires,06329,General Las Heras,488
2015-12-31,06,Buenos Aires,06260,Esteban Echeverría,1914
2015-12-31,06,Buenos Aires,06203,Coronel Suárez,35
2015-12-31,06,Buenos Aires,06420,La Costa,189
2015-12-31,06,Buenos Aires,06301,General Belgrano,80
2015-12-31,06,Buenos Aires,06315,General Juan Madariaga,22
2015-12-31,06,Buenos Aires,06568,Morón,1275
2015-12-31,06,Buenos Aires,06658,Quilmes,6637
2015-12-31,06,Buenos Aires,06343,General Paz,307
2015-12-31,06,Buenos Aires,06399,Guaminí,67
2015-12-31,06,Buenos Aires,06274,Florencio Varela,5516
2015-12-31,06,Buenos Aires,06483,Lobos,118
2015-12-31,06,Buenos Aires,06410,Ituzaingó,1079
2015-12-31,06,Buenos Aires,06364,General Rodríguez,408
2015-12-31,06,Buenos Aires,06728,San Andrés de Giles,34
2015-12-31,06,Buenos Aires,06868,Villa Gesell,61
2015-12-31,06,Buenos Aires,06385,General Viamonte,66
2015-12-31,06,Buenos Aires,06434,Lanús,3355
2015-12-31,06,Buenos Aires,06371,General San Martín,4022
2015-12-31,06,Buenos Aires,06553,Monte Hermoso,37
2015-12-31,06,Buenos Aires,06547,Monte,42
2015-12-31,06,Buenos Aires,06408,Hurlingham,1070
2015-12-31,06,Buenos Aires,06861,Vicente López,1
2015-12-31,06,Buenos Aires,06648,Presidente Perón,1187
2015-12-31,06,Buenos Aires,06412,José C. Paz,8744
2015-12-31,06,Buenos Aires,06476,Lobería,81
2015-12-31,06,Buenos Aires,06427,La Matanza,11574
2015-12-31,06,Buenos Aires,06700,Saavedra,65
2015-12-31,06,Buenos Aires,06638,Pilar,1482
2015-12-31,06,Buenos Aires,06441,La Plata,1474
2015-12-31,06,Buenos Aires,06490,Lomas de Zamora,5107
2015-12-31,06,Buenos Aires,06875,Villarino,69
2015-12-31,06,Buenos Aires,06448,Laprida,44
2015-12-31,06,Buenos Aires,06515,Malvinas Argentinas,772
2015-12-31,06,Buenos Aires,06560,Moreno,3608
2015-12-31,06,Buenos Aires,06497,Luján,268
2015-12-31,06,Buenos Aires,06735,San Antonio de Areco,67
2015-12-31,06,Buenos Aires,06602,Patagones,78
2015-12-31,06,Buenos Aires,06581,Necochea,61
2015-12-31,06,Buenos Aires,06812,Tordillo,26
2015-12-31,06,Buenos Aires,06532,Mercedes,39
2015-12-31,06,Buenos Aires,06644,Pinamar,36
2015-12-31,06,Buenos Aires,06763,San Nicolás,271
2015-12-31,06,Buenos Aires,06672,Rauch,30
2015-12-31,06,Buenos Aires,06574,Navarro,123
2015-12-31,06,Buenos Aires,06778,San Vicente,1172
2015-12-31,06,Buenos Aires,06840,Tres de Febrero,1563
2015-12-31,06,Buenos Aires,06784,Suipacha,45
2015-12-31,06,Buenos Aires,06609,Pehuajó,26
2015-12-31,06,Buenos Aires,06805,Tigre,763
2015-12-31,06,Buenos Aires,06847,Tres Lomas,18
2015-12-31,06,Buenos Aires,06882,Zárate,564
2015-12-31,06,Buenos Aires,06630,Pila,43
2015-12-31,06,Buenos Aires,06655,Punta Indio,87
2015-12-31,06,Buenos Aires,06686,Rojas,13
2015-12-31,06,Buenos Aires,06693,Roque Pérez,71
2015-12-31,06,Buenos Aires,06749,San Fernando,923
2015-12-31,06,Buenos Aires,06760,San Miguel,2956
2015-12-31,10,Catamarca,10049,Capital,1079
2015-12-31,22,Chaco,22119,Presidencia de la Plaza,39
2015-12-31,22,Chaco,22140,San Fernando,3433
2015-12-31,18,Corrientes,18021,Capital,1909
2015-12-31,30,Entre Ríos,30084,Paraná,1958
2015-12-31,30,Entre Ríos,30015,Concordia,1626
2015-12-31,30,Entre Ríos,30070,La Paz,1
2015-12-31,34,Formosa,34014,Formosa,582
2015-12-31,46,La Rioja,46014,Capital,1009
2015-12-31,50,Mendoza,50098,San Martín,847
2015-12-31,50,Mendoza,50007,Capital,1
2015-12-31,54,Misiones,54042,Eldorado,241
2015-12-31,54,Misiones,54028,Capital,572
2015-12-31,62,Río Negro,62021,Bariloche,295
2015-12-31,66,Salta,66028,Capital,577
2015-12-31,70,San Juan,70035,Caucete,37
2015-12-31,70,San Juan,70007,Albardón,17
2015-12-31,70,San Juan,70014,Angaco,48
2015-12-31,70,San Juan,70084,Rivadavia,49
2015-12-31,70,San Juan,70042,Chimbas,237
2015-12-31,70,San Juan,70056,Jáchal,38
2015-12-31,70,San Juan,70070,Pocito,62
2015-12-31,70,San Juan,70021,Calingasta,34
2015-12-31,70,San Juan,70063,9 de Julio,39
2015-12-31,70,San Juan,70098,Santa Lucía,36
2015-12-31,70,San Juan,70112,Ullúm,37
2015-12-31,70,San Juan,70126,25 de Mayo,47
2015-12-31,70,San Juan,70105,Sarmiento,35
2015-12-31,70,San Juan,70077,Rawson,202
2015-12-31,70,San Juan,70119,Valle Fértil,43
2015-12-31,70,San Juan,70028,Capital,79
2015-12-31,70,San Juan,70133,Zonda,40
2015-12-31,70,San Juan,70049,Iglesia,45
2015-12-31,70,San Juan,70091,San Martín,57
2015-12-31,74,San Luis,74056,Juan Martín Pueyrredón,226
2015-12-31,86,Santiago del Estero,86049,Capital,1016
2015-12-31,86,Santiago del Estero,86035,Banda,880
2015-12-31,90,Tucumán,90063,Lules,1031
2015-12-31,90,Tucumán,90084,Capital,4793
2015-12-31,90,Tucumán,90014,Cruz Alta,1959
2015-12-31,90,Tucumán,90119,Yerba Buena,335
2015-12-31,90,Tucumán,90091,Simoca,1926
2015-12-31,90,Tucumán,90105,Tafí Viejo,1359
2016-12-31,06,Buenos Aires,06119,Brandsen,65
2016-12-31,06,Buenos Aires,06056,Bahía Blanca,2
2016-12-31,06,Buenos Aires,06084,Benito Juárez,91
2016-12-31,06,Buenos Aires,06028,Almirante Brown,4893
2016-12-31,06,Buenos Aires,06070,Baradero,122
2016-12-31,06,Buenos Aires,06007,Adolfo Alsina,191
2016-12-31,06,Buenos Aires,06014,Adolfo Gonzales Chaves,99
2016-12-31,06,Buenos Aires,06077,Arrecifes,106
2016-12-31,06,Buenos Aires,06161,Carmen de Areco,37
2016-12-31,06,Buenos Aires,06063,Balcarce,67
2016-12-31,06,Buenos Aires,06098,Berisso,1691
2016-12-31,06,Buenos Aires,06049,Azul,131
2016-12-31,06,Buenos Aires,06147,Carlos Casares,102
2016-12-31,06,Buenos Aires,06021,Alberti,34
2016-12-31,06,Buenos Aires,06203,Coronel Suárez,33
2016-12-31,06,Buenos Aires,06140,Capitán Sarmiento,28
2016-12-31,06,Buenos Aires,06245,Ensenada,1218
2016-12-31,06,Buenos Aires,06091,Berazategui,5350
2016-12-31,06,Buenos Aires,06182,Coronel de Marina Leonardo Rosales,96
2016-12-31,06,Buenos Aires,06168,Castelli,86
2016-12-31,06,Buenos Aires,06189,Coronel Dorrego,175
2016-12-31,06,Buenos Aires,06035,Avellaneda,4385
2016-12-31,06,Buenos Aires,06274,Florencio Varela,8120
2016-12-31,06,Buenos Aires,06217,Chascomús,10
2016-12-31,06,Buenos Aires,06476,Lobería,103
2016-12-31,06,Buenos Aires,06224,Chivilcoy,219
2016-12-31,06,Buenos Aires,06466,Lezama,40
2016-12-31,06,Buenos Aires,06270,Ezeiza,2561
2016-12-31,06,Buenos Aires,06210,Chacabuco,182
2016-12-31,06,Buenos Aires,06042,Ayacucho,13
2016-12-31,06,Buenos Aires,06315,General Juan Madariaga,31
2016-12-31,06,Buenos Aires,06294,General Arenales,43
2016-12-31,06,Buenos Aires,06574,Navarro,192
2016-12-31,06,Buenos Aires,06238,Dolores,12
2016-12-31,06,Buenos Aires,06483,Lobos,146
2016-12-31,06,Buenos Aires,06277,Florentino Ameghino,124
2016-12-31,06,Buenos Aires,06260,Esteban Echeverría,2712
2016-12-31,06,Buenos Aires,06105,Bolívar,20
2016-12-31,06,Buenos Aires,06364,General Rodríguez,540
2016-12-31,06,Buenos Aires,06329,General Las Heras,431
2016-12-31,06,Buenos Aires,06602,Patagones,77
2016-12-31,06,Buenos Aires,06280,General Alvarado,95
2016-12-31,06,Buenos Aires,06553,Monte Hermoso,49
2016-12-31,06,Buenos Aires,06525,Marcos Paz,721
2016-12-31,06,Buenos Aires,06322,General La Madrid,104
2016-12-31,06,Buenos Aires,06112,Bragado,217
2016-12-31,06,Buenos Aires,06462,Leandro N. Alem,8
2016-12-31,06,Buenos Aires,06357,General Pueyrredón,1978
2016-12-31,06,Buenos Aires,06630,Pila,71
2016-12-31,06,Buenos Aires,06301,General Belgrano,84
2016-12-31,06,Buenos Aires,06638,Pilar,1649
2016-12-31,06,Buenos Aires,06560,Moreno,4194
2016-12-31,06,Buenos Aires,06343,General Paz,350
2016-12-31,06,Buenos Aires,06126,Campana,399
2016-12-31,06,Buenos Aires,06581,Necochea,133
2016-12-31,06,Buenos Aires,06532,Mercedes,272
2016-12-31,06,Buenos Aires,06707,Saladillo,1
2016-12-31,06,Buenos Aires,06351,General Pinto,48
2016-12-31,06,Buenos Aires,06658,Quilmes,8425
2016-12-31,06,Buenos Aires,06568,Morón,1426
2016-12-31,06,Buenos Aires,06385,General Viamonte,132
2016-12-31,06,Buenos Aires,06134,Cañuelas,772
2016-12-31,06,Buenos Aires,06648,Presidente Perón,1718
2016-12-31,06,Buenos Aires,06539,Merlo,2706
2016-12-31,06,Buenos Aires,06749,San Fernando,994
2016-12-31,06,Buenos Aires,06410,Ituzaingó,1068
2016-12-31,06,Buenos Aires,06735,San Antonio de Areco,71
2016-12-31,06,Buenos Aires,06728,San Andrés de Giles,1
2016-12-31,06,Buenos Aires,06399,Guaminí,88
2016-12-31,06,Buenos Aires,06175,Colón,59
2016-12-31,06,Buenos Aires,06763,San Nicolás,281
2016-12-31,06,Buenos Aires,06595,Olavarría,4
2016-12-31,06,Buenos Aires,06760,San Miguel,2903
2016-12-31,06,Buenos Aires,06420,La Costa,208
2016-12-31,06,Buenos Aires,06756,San Isidro,14
2016-12-31,06,Buenos Aires,06861,Vicente López,4
2016-12-31,06,Buenos Aires,06408,Hurlingham,1294
2016-12-31,06,Buenos Aires,06196,Coronel Pringles,52
2016-12-31,06,Buenos Aires,06854,25 de Mayo,7
2016-12-31,06,Buenos Aires,06651,Puán,48
2016-12-31,06,Buenos Aires,06882,Zárate,498
2016-12-31,06,Buenos Aires,06427,La Matanza,13473
2016-12-31,06,Buenos Aires,06875,Villarino,58
2016-12-31,06,Buenos Aires,06655,Punta Indio,125
2016-12-31,06,Buenos Aires,06412,José C. Paz,8598
2016-12-31,06,Buenos Aires,06252,Escobar,829
2016-12-31,06,Buenos Aires,06413,Junín,368
2016-12-31,06,Buenos Aires,06686,Rojas,24
2016-12-31,06,Buenos Aires,06434,Lanús,3875
2016-12-31,06,Buenos Aires,06448,Laprida,63
2016-12-31,06,Buenos Aires,06497,Luján,546
2016-12-31,06,Buenos Aires,06693,Roque Pérez,97
2016-12-31,06,Buenos Aires,06515,Malvinas Argentinas,1220
2016-12-31,06,Buenos Aires,06371,General San Martín,4226
2016-12-31,06,Buenos Aires,06609,Pehuajó,50
2016-12-31,06,Buenos Aires,06770,San Pedro,9
2016-12-31,06,Buenos Aires,06644,Pinamar,90
2016-12-31,06,Buenos Aires,06547,Monte,61
2016-12-31,06,Buenos Aires,06672,Rauch,85
2016-12-31,06,Buenos Aires,06868,Villa Gesell,66
2016-12-31,06,Buenos Aires,06778,San Vicente,1449
2016-12-31,06,Buenos Aires,06441,La Plata,5343
2016-12-31,06,Buenos Aires,06784,Suipacha,109
2016-12-31,06,Buenos Aires,06623,Pergamino,124
2016-12-31,06,Buenos Aires,06805,Tigre,958
2016-12-31,06,Buenos Aires,06490,Lomas de Zamora,5501
2016-12-31,06,Buenos Aires,06812,Tordillo,36
2016-12-31,06,Buenos Aires,06700,Saavedra,103
2016-12-31,06,Buenos Aires,06505,Magdalena,3
2016-12-31,06,Buenos Aires,06791,Tandil,136
2016-12-31,06,Buenos Aires,06840,Tres de Febrero,1567
2016-12-31,06,Buenos Aires,06847,Tres Lomas,44
2016-12-31,10,Catamarca,10112,Valle Viejo,93
2016-12-31,10,Catamarca,10049,Capital,1092
2016-12-31,10,Catamarca,10098,Santa Rosa,9
2016-12-31,22,Chaco,22043,Fray Justo Santa María de Oro,17
2016-12-31,22,Chaco,22007,Almirante Brown,31
2016-12-31,22,Chaco,22049,General Belgrano,1
2016-12-31,22,Chaco,22014,Bermejo,3
2016-12-31,22,Chaco,22077,Libertad,6
2016-12-31,22,Chaco,22028,Chacabuco,3
2016-12-31,22,Chaco,22098,Mayor Luis J. Fontana,2
2016-12-31,22,Chaco,22112,O'Higgins,26
2016-12-31,22,Chaco,22021,Comandante Fernández,3
2016-12-31,22,Chaco,22070,Independencia,12
2016-12-31,22,Chaco,22036,12 de Octubre,15
2016-12-31,22,Chaco,22140,San Fernando,3849
2016-12-31,22,Chaco,22063,General Güemes,26
2016-12-31,22,Chaco,22091,Maipú,22
2016-12-31,22,Chaco,22084,Libertador General San Martín,14
2016-12-31,22,Chaco,22168,25 de Mayo,2
2016-12-31,22,Chaco,22119,Presidencia de la Plaza,33
2016-12-31,22,Chaco,22133,Quitilipi,5
2016-12-31,02,Ciudad de Buenos Aires,02000,"Comuna 1,Comuna 10,Comuna 11,Comuna 12,Comuna 13,Comuna 14,Comuna 15,Comuna 2,Comuna 3,Comuna 4,Comuna 5,Comuna 6,Comuna 7,Comuna 8,Comuna 9",143
2016-12-31,14,Córdoba,14168,Totoral,13
2016-12-31,14,Córdoba,14014,Capital,26
2016-12-31,14,Córdoba,14112,Río Seco,3
2016-12-31,14,Córdoba,14091,Punilla,13
2016-12-31,14,Córdoba,14105,Río Primero,11
2016-12-31,18,Corrientes,18007,Bella Vista,24
2016-12-31,18,Corrientes,18035,Curuzú Cuatiá,37
2016-12-31,18,Corrientes,18049,Esquina,30
2016-12-31,18,Corrientes,18091,Lavalle,29
2016-12-31,18,Corrientes,18021,Capital,2042
2016-12-31,18,Corrientes,18154,San Miguel,10
2016-12-31,18,Corrientes,18070,Goya,26
2016-12-31,18,Corrientes,18084,Ituzaingó,9
2016-12-31,30,Entre Ríos,30042,Feliciano,24
2016-12-31,30,Entre Ríos,30091,Tala,2
2016-12-31,30,Entre Ríos,30035,Federal,3
2016-12-31,30,Entre Ríos,30015,Concordia,1516
2016-12-31,30,Entre Ríos,30070,La Paz,1
2016-12-31,30,Entre Ríos,30049,Gualeguay,2
2016-12-31,30,Entre Ríos,30098,Uruguay,2
2016-12-31,30,Entre Ríos,30084,Paraná,1741
2016-12-31,30,Entre Ríos,30028,Federación,8
2016-12-31,30,Entre Ríos,30056,Gualeguaychú,48
2016-12-31,34,Formosa,34035,Patiño,1
2016-12-31,34,Formosa,34014,Formosa,733
2016-12-31,34,Formosa,34056,Pirané,5
2016-12-31,34,Formosa,34042,Pilagás,22
2016-12-31,34,Formosa,34049,Pilcomayo,41
2016-12-31,38,Jujuy,38021,Dr. Manuel Belgrano,157
2016-12-31,38,Jujuy,38035,Ledesma,55
2016-12-31,38,Jujuy,38007,Cochinoca,25
2016-12-31,38,Jujuy,38014,El Carmen,83
2016-12-31,38,Jujuy,38077,Santa Catalina,13
2016-12-31,38,Jujuy,38094,Tilcara,6
2016-12-31,38,Jujuy,38042,Palpalá,61
2016-12-31,38,Jujuy,38112,Yavi,36
2016-12-31,38,Jujuy,38028,Humahuaca,29
2016-12-31,38,Jujuy,38063,San Pedro,37
2016-12-31,38,Jujuy,38070,Santa Bárbara,34
2016-12-31,46,La Rioja,46035,Chamical,29
2016-12-31,46,La Rioja,46014,Capital,1101
2016-12-31,46,La Rioja,46112,Rosario Vera Peñaloza,11
2016-12-31,50,Mendoza,50056,Lavalle,45
2016-12-31,50,Mendoza,50098,San Martín,826
2016-12-31,50,Mendoza,50007,Capital,56
2016-12-31,50,Mendoza,50119,Tunuyán,33
2016-12-31,50,Mendoza,50091,San Carlos,51
2016-12-31,54,Misiones,54077,Libertador General San Martín,15
2016-12-31,54,Misiones,54007,Apóstoles,3
2016-12-31,54,Misiones,54014,Cainguás,32
2016-12-31,54,Misiones,54056,Guaraní,1
2016-12-31,54,Misiones,54042,Eldorado,309
2016-12-31,54,Misiones,54119,25 de Mayo,11
2016-12-31,54,Misiones,54028,Capital,702
2016-12-31,54,Misiones,54084,Montecarlo,3
2016-12-31,54,Misiones,54112,San Pedro,28
2016-12-31,58,Neuquén,58056,Lácar,107
2016-12-31,58,Neuquén,58070,Los Lagos,9
2016-12-31,58,Neuquén,58112,Zapala,1
2016-12-31,62,Río Negro,62035,El Cuy,1
2016-12-31,62,Río Negro,62021,Bariloche,568
2016-12-31,62,Río Negro,62070,Pilcaniyeu,2
2016-12-31,62,Río Negro,62084,Valcheta,2
2016-12-31,66,Salta,66084,La Candelaria,8
2016-12-31,66,Salta,66056,General José de San Martín,21
2016-12-31,66,Salta,66014,Cachi,3
2016-12-31,66,Salta,66007,Anta,20
2016-12-31,66,Salta,66140,Rosario de la Frontera,15
2016-12-31,66,Salta,66049,General Güemes,3
2016-12-31,66,Salta,66147,Rosario de Lerma,4
2016-12-31,66,Salta,66042,Chicoana,3
2016-12-31,66,Salta,66105,Los Andes,1
2016-12-31,66,Salta,66077,La Caldera,3
2016-12-31,66,Salta,66028,Capital,1225
2016-12-31,66,Salta,66112,Metán,26
2016-12-31,66,Salta,66126,Orán,8
2016-12-31,66,Salta,66154,San Carlos,1
2016-12-31,70,San Juan,70021,Calingasta,29
2016-12-31,70,San Juan,70035,Caucete,37
2016-12-31,70,San Juan,70063,9 de Julio,9
2016-12-31,70,San Juan,70028,Capital,96
2016-12-31,70,San Juan,70014,Angaco,43
2016-12-31,70,San Juan,70007,Albardón,16
2016-12-31,70,San Juan,70105,Sarmiento,32
2016-12-31,70,San Juan,70049,Iglesia,43
2016-12-31,70,San Juan,70042,Chimbas,216
2016-12-31,70,San Juan,70084,Rivadavia,50
2016-12-31,70,San Juan,70119,Valle Fértil,35
2016-12-31,70,San Juan,70056,Jáchal,34
2016-12-31,70,San Juan,70112,Ullúm,30
2016-12-31,70,San Juan,70070,Pocito,56
2016-12-31,70,San Juan,70133,Zonda,36
2016-12-31,70,San Juan,70126,25 de Mayo,38
2016-12-31,70,San Juan,70091,San Martín,44
2016-12-31,70,San Juan,70077,Rawson,201
2016-12-31,70,San Juan,70098,Santa Lucía,36
2016-12-31,74,San Luis,74056,Juan Martín Pueyrredón,291
2016-12-31,74,San Luis,74028,Chacabuco,4
2016-12-31,74,San Luis,74021,Coronel Pringles,1
2016-12-31,74,San Luis,74035,General Pedernera,6
2016-12-31,74,San Luis,74049,Junín,4
2016-12-31,82,Santa Fe,82028,Constitución,31
2016-12-31,82,Santa Fe,82021,Castellanos,35
2016-12-31,82,Santa Fe,82119,San Lorenzo,20
2016-12-31,82,Santa Fe,82035,Garay,22
2016-12-31,82,Santa Fe,82049,General Obligado,130
2016-12-31,82,Santa Fe,82084,Rosario,14
2016-12-31,82,Santa Fe,82133,Vera,30
2016-12-31,86,Santiago del Estero,86014,Alberdi,1
2016-12-31,86,Santiago del Estero,86063,Choya,1
2016-12-31,86,Santiago del Estero,86021,Atamisqui,13
2016-12-31,86,Santiago del Estero,86105,Loreto,2
2016-12-31,86,Santiago del Estero,86035,Banda,790
2016-12-31,86,Santiago del Estero,86049,Capital,1216
2016-12-31,86,Santiago del Estero,86028,Avellaneda,11
2016-12-31,86,Santiago del Estero,86084,Guasayán,19
2016-12-31,86,Santiago del Estero,86056,Copo,30
2016-12-31,86,Santiago del Estero,86119,Moreno,94
2016-12-31,86,Santiago del Estero,86077,General Taboada,38
2016-12-31,90,Tucumán,90014,Cruz Alta,1951
2016-12-31,90,Tucumán,90021,Chicligasta,4
2016-12-31,90,Tucumán,90007,Burruyacú,2
2016-12-31,90,Tucumán,90077,Río Chico,37
2016-12-31,90,Tucumán,90042,Juan Bautista Alberdi,74
2016-12-31,90,Tucumán,90056,Leales,18
2016-12-31,90,Tucumán,90035,Graneros,26
2016-12-31,90,Tucumán,90084,Capital,5097
2016-12-31,90,Tucumán,90091,Simoca,1918
2016-12-31,90,Tucumán,90119,Yerba Buena,298
2016-12-31,90,Tucumán,90049,La Cocha,3
2016-12-31,90,Tucumán,90098,Tafí del Valle,1
2016-12-31,90,Tucumán,90063,Lules,953
2016-12-31,90,Tucumán,90070,Monteros,34
2016-12-31,90,Tucumán,90105,Tafí Viejo,1351
2017-12-31,06,Buenos Aires,06077,Arrecifes,96
2017-12-31,06,Buenos Aires,06035,Avellaneda,5766
2017-12-31,06,Buenos Aires,06007,Adolfo Alsina,184
2017-12-31,06,Buenos Aires,06021,Alberti,20
2017-12-31,06,Buenos Aires,06056,Bahía Blanca,131
2017-12-31,06,Buenos Aires,06028,Almirante Brown,6750
2017-12-31,06,Buenos Aires,06070,Baradero,128
2017-12-31,06,Buenos Aires,06294,General Arenales,48
2017-12-31,06,Buenos Aires,06084,Benito Juárez,97
2017-12-31,06,Buenos Aires,06126,Campana,570
2017-12-31,06,Buenos Aires,06014,Adolfo Gonzales Chaves,117
2017-12-31,06,Buenos Aires,06063,Balcarce,75
2017-12-31,06,Buenos Aires,06119,Brandsen,103
2017-12-31,06,Buenos Aires,06049,Azul,306
2017-12-31,06,Buenos Aires,06147,Carlos Casares,95
2017-12-31,06,Buenos Aires,06357,General Pueyrredón,5404
2017-12-31,06,Buenos Aires,06217,Chascomús,32
2017-12-31,06,Buenos Aires,06134,Cañuelas,899
2017-12-31,06,Buenos Aires,06042,Ayacucho,16
2017-12-31,06,Buenos Aires,06091,Berazategui,6287
2017-12-31,06,Buenos Aires,06140,Capitán Sarmiento,21
2017-12-31,06,Buenos Aires,06270,Ezeiza,2823
2017-12-31,06,Buenos Aires,06161,Carmen de Areco,33
2017-12-31,06,Buenos Aires,06413,Junín,331
2017-12-31,06,Buenos Aires,06245,Ensenada,1269
2017-12-31,06,Buenos Aires,06168,Castelli,77
2017-12-31,06,Buenos Aires,06112,Bragado,236
2017-12-31,06,Buenos Aires,06098,Berisso,1797
2017-12-31,06,Buenos Aires,06182,Coronel de Marina Leonardo Rosales,125
2017-12-31,06,Buenos Aires,06392,General Villegas,11
2017-12-31,06,Buenos Aires,06175,Colón,101
2017-12-31,06,Buenos Aires,06420,La Costa,258
2017-12-31,06,Buenos Aires,06329,General Las Heras,363
2017-12-31,06,Buenos Aires,06196,Coronel Pringles,54
2017-12-31,06,Buenos Aires,06287,General Alvear,6
2017-12-31,06,Buenos Aires,06105,Bolívar,11
2017-12-31,06,Buenos Aires,06224,Chivilcoy,291
2017-12-31,06,Buenos Aires,06560,Moreno,5109
2017-12-31,06,Buenos Aires,06189,Coronel Dorrego,165
2017-12-31,06,Buenos Aires,06476,Lobería,121
2017-12-31,06,Buenos Aires,06532,Mercedes,291
2017-12-31,06,Buenos Aires,06203,Coronel Suárez,33
2017-12-31,06,Buenos Aires,06301,General Belgrano,93
2017-12-31,06,Buenos Aires,06252,Escobar,1111
2017-12-31,06,Buenos Aires,06238,Dolores,16
2017-12-31,06,Buenos Aires,06568,Morón,1562
2017-12-31,06,Buenos Aires,06210,Chacabuco,182
2017-12-31,06,Buenos Aires,06525,Marcos Paz,757
2017-12-31,06,Buenos Aires,06602,Patagones,85
2017-12-31,06,Buenos Aires,06274,Florencio Varela,10739
2017-12-31,06,Buenos Aires,06315,General Juan Madariaga,31
2017-12-31,06,Buenos Aires,06351,General Pinto,48
2017-12-31,06,Buenos Aires,06280,General Alvarado,176
2017-12-31,06,Buenos Aires,06693,Roque Pérez,91
2017-12-31,06,Buenos Aires,06260,Esteban Echeverría,3765
2017-12-31,06,Buenos Aires,06539,Merlo,3163
2017-12-31,06,Buenos Aires,06630,Pila,78
2017-12-31,06,Buenos Aires,06277,Florentino Ameghino,122
2017-12-31,06,Buenos Aires,06648,Presidente Perón,2406
2017-12-31,06,Buenos Aires,06427,La Matanza,17924
2017-12-31,06,Buenos Aires,06364,General Rodríguez,694
2017-12-31,06,Buenos Aires,06728,San Andrés de Giles,41
2017-12-31,06,Buenos Aires,06322,General La Madrid,113
2017-12-31,06,Buenos Aires,06595,Olavarría,18
2017-12-31,06,Buenos Aires,06655,Punta Indio,127
2017-12-31,06,Buenos Aires,06336,General Lavalle,8
2017-12-31,06,Buenos Aires,06343,General Paz,341
2017-12-31,06,Buenos Aires,06441,La Plata,7548
2017-12-31,06,Buenos Aires,06448,Laprida,60
2017-12-31,06,Buenos Aires,06371,General San Martín,5106
2017-12-31,06,Buenos Aires,06385,General Viamonte,140
2017-12-31,06,Buenos Aires,06651,Puán,53
2017-12-31,06,Buenos Aires,06686,Rojas,47
2017-12-31,06,Buenos Aires,06410,Ituzaingó,1173
2017-12-31,06,Buenos Aires,06399,Guaminí,98
2017-12-31,06,Buenos Aires,06455,Las Flores,9
2017-12-31,06,Buenos Aires,06547,Monte,69
2017-12-31,06,Buenos Aires,06462,Leandro N. Alem,15
2017-12-31,06,Buenos Aires,06408,Hurlingham,1689
2017-12-31,06,Buenos Aires,06672,Rauch,89
2017-12-31,06,Buenos Aires,06749,San Fernando,1240
2017-12-31,06,Buenos Aires,06490,Lomas de Zamora,6736
2017-12-31,06,Buenos Aires,06412,José C. Paz,9164
2017-12-31,06,Buenos Aires,06466,Lezama,40
2017-12-31,06,Buenos Aires,06574,Navarro,223
2017-12-31,06,Buenos Aires,06505,Magdalena,4
2017-12-31,06,Buenos Aires,06434,Lanús,4973
2017-12-31,06,Buenos Aires,06868,Villa Gesell,82
2017-12-31,06,Buenos Aires,06760,San Miguel,3642
2017-12-31,06,Buenos Aires,06581,Necochea,265
2017-12-31,06,Buenos Aires,06497,Luján,674
2017-12-31,06,Buenos Aires,06483,Lobos,148
2017-12-31,06,Buenos Aires,06623,Pergamino,176
2017-12-31,06,Buenos Aires,06616,Pellegrini,35
2017-12-31,06,Buenos Aires,06515,Malvinas Argentinas,1924
2017-12-31,06,Buenos Aires,06882,Zárate,511
2017-12-31,06,Buenos Aires,06638,Pilar,2150
2017-12-31,06,Buenos Aires,06665,Ramallo,20
2017-12-31,06,Buenos Aires,06609,Pehuajó,37
2017-12-31,06,Buenos Aires,06511,Maipú,1
2017-12-31,06,Buenos Aires,06735,San Antonio de Areco,70
2017-12-31,06,Buenos Aires,06840,Tres de Febrero,1792
2017-12-31,06,Buenos Aires,06644,Pinamar,110
2017-12-31,06,Buenos Aires,06553,Monte Hermoso,53
2017-12-31,06,Buenos Aires,06756,San Isidro,246
2017-12-31,06,Buenos Aires,06847,Tres Lomas,39
2017-12-31,06,Buenos Aires,06714,Salto,11
2017-12-31,06,Buenos Aires,06658,Quilmes,10042
2017-12-31,06,Buenos Aires,06763,San Nicolás,397
2017-12-31,06,Buenos Aires,06861,Vicente López,34
2017-12-31,06,Buenos Aires,06721,Salliqueló,16
2017-12-31,06,Buenos Aires,06700,Saavedra,111
2017-12-31,06,Buenos Aires,06770,San Pedro,47
2017-12-31,06,Buenos Aires,06875,Villarino,114
2017-12-31,06,Buenos Aires,06778,San Vicente,1794
2017-12-31,06,Buenos Aires,06707,Saladillo,3
2017-12-31,06,Buenos Aires,06826,Trenque Lauquen,28
2017-12-31,06,Buenos Aires,06742,San Cayetano,6
2017-12-31,06,Buenos Aires,06784,Suipacha,100
2017-12-31,06,Buenos Aires,06791,Tandil,391
2017-12-31,06,Buenos Aires,06805,Tigre,2472
2017-12-31,06,Buenos Aires,06833,Tres Arroyos,6
2017-12-31,06,Buenos Aires,06812,Tordillo,35
2017-12-31,06,Buenos Aires,06854,25 de Mayo,15
2017-12-31,10,Catamarca,10049,Capital,1342
2017-12-31,10,Catamarca,10112,Valle Viejo,107
2017-12-31,10,Catamarca,10021,Andalgalá,3
2017-12-31,10,Catamarca,10070,La Paz,18
2017-12-31,10,Catamarca,10042,Capayán,27
2017-12-31,10,Catamarca,10105,Tinogasta,15
2017-12-31,10,Catamarca,10077,Paclín,1
2017-12-31,10,Catamarca,10091,Santa María,29
2017-12-31,10,Catamarca,10098,Santa Rosa,25
2017-12-31,22,Chaco,22028,Chacabuco,16
2017-12-31,22,Chaco,22014,Bermejo,58
2017-12-31,22,Chaco,22021,Comandante Fernández,60
2017-12-31,22,Chaco,22007,Almirante Brown,58
2017-12-31,22,Chaco,22147,San Lorenzo,4
2017-12-31,22,Chaco,22070,Independencia,54
2017-12-31,22,Chaco,22091,Maipú,38
2017-12-31,22,Chaco,22049,General Belgrano,3
2017-12-31,22,Chaco,22036,12 de Octubre,41
2017-12-31,22,Chaco,22056,General Donovan,8
2017-12-31,22,Chaco,22077,Libertad,10
2017-12-31,22,Chaco,22043,Fray Justo Santa María de Oro,20
2017-12-31,22,Chaco,22105,9 de Julio,9
2017-12-31,22,Chaco,22112,O'Higgins,63
2017-12-31,22,Chaco,22140,San Fernando,4492
2017-12-31,22,Chaco,22063,General Güemes,390
2017-12-31,22,Chaco,22084,Libertador General San Martín,285
2017-12-31,22,Chaco,22126,1º de Mayo,3
2017-12-31,22,Chaco,22154,Sargento Cabral,3
2017-12-31,22,Chaco,22098,Mayor Luis J. Fontana,5
2017-12-31,22,Chaco,22119,Presidencia de la Plaza,31
2017-12-31,22,Chaco,22168,25 de Mayo,24
2017-12-31,22,Chaco,22133,Quitilipi,9
2017-12-31,22,Chaco,22161,Tapenagá,2
2017-12-31,02,Ciudad de Buenos Aires,02000,"Comuna 1,Comuna 10,Comuna 11,Comuna 12,Comuna 13,Comuna 14,Comuna 15,Comuna 2,Comuna 3,Comuna 4,Comuna 5,Comuna 6,Comuna 7,Comuna 8,Comuna 9",401
2017-12-31,14,Córdoba,14091,Punilla,14
2017-12-31,14,Córdoba,14042,General San Martín,11
2017-12-31,14,Córdoba,14077,Pocho,2
2017-12-31,14,Córdoba,14028,Cruz del Eje,15
2017-12-31,14,Córdoba,14007,Calamuchita,23
2017-12-31,14,Córdoba,14014,Capital,34
2017-12-31,14,Córdoba,14098,Río Cuarto,27
2017-12-31,14,Córdoba,14168,Totoral,22
2017-12-31,14,Córdoba,14105,Río Primero,10
2017-12-31,14,Córdoba,14112,Río Seco,3
2017-12-31,18,Corrientes,18014,Berón de Astrada,9
2017-12-31,18,Corrientes,18035,Curuzú Cuatiá,52
2017-12-31,18,Corrientes,18007,Bella Vista,34
2017-12-31,18,Corrientes,18084,Ituzaingó,9
2017-12-31,18,Corrientes,18154,San Miguel,16
2017-12-31,18,Corrientes,18168,Santo Tomé,5
2017-12-31,18,Corrientes,18021,Capital,2725
2017-12-31,18,Corrientes,18161,San Roque,5
2017-12-31,18,Corrientes,18091,Lavalle,47
2017-12-31,18,Corrientes,18049,Esquina,46
2017-12-31,18,Corrientes,18070,Goya,73
2017-12-31,30,Entre Ríos,30015,Concordia,1555
2017-12-31,30,Entre Ríos,30035,Federal,12
2017-12-31,30,Entre Ríos,30105,Victoria,32
2017-12-31,30,Entre Ríos,30056,Gualeguaychú,145
2017-12-31,30,Entre Ríos,30042,Feliciano,41
2017-12-31,30,Entre Ríos,30070,La Paz,15
2017-12-31,30,Entre Ríos,30049,Gualeguay,1
2017-12-31,30,Entre Ríos,30084,Paraná,1903
2017-12-31,30,Entre Ríos,30021,Diamante,3
2017-12-31,30,Entre Ríos,30098,Uruguay,100
2017-12-31,30,Entre Ríos,30091,Tala,3
2017-12-31,30,Entre Ríos,30028,Federación,41
2017-12-31,34,Formosa,34035,Patiño,21
2017-12-31,34,Formosa,34014,Formosa,884
2017-12-31,34,Formosa,34042,Pilagás,21
2017-12-31,34,Formosa,34028,Matacos,1
2017-12-31,34,Formosa,34049,Pilcomayo,165
2017-12-31,34,Formosa,34056,Pirané,6
2017-12-31,38,Jujuy,38112,Yavi,40
2017-12-31,38,Jujuy,38014,El Carmen,192
2017-12-31,38,Jujuy,38042,Palpalá,81
2017-12-31,38,Jujuy,38094,Tilcara,6
2017-12-31,38,Jujuy,38049,Rinconada,2
2017-12-31,38,Jujuy,38007,Cochinoca,31
2017-12-31,38,Jujuy,38021,Dr. Manuel Belgrano,256
2017-12-31,38,Jujuy,38056,San Antonio,1
2017-12-31,38,Jujuy,38098,Tumbaya,1
2017-12-31,38,Jujuy,38028,Humahuaca,29
2017-12-31,38,Jujuy,38077,Santa Catalina,15
2017-12-31,38,Jujuy,38035,Ledesma,91
2017-12-31,38,Jujuy,38063,San Pedro,44
2017-12-31,38,Jujuy,38070,Santa Bárbara,48
2017-12-31,46,La Rioja,46035,Chamical,26
2017-12-31,46,La Rioja,46014,Capital,1173
2017-12-31,46,La Rioja,46070,General Juan Facundo Quiroga,42
2017-12-31,46,La Rioja,46028,Coronel Felipe Varela,28
2017-12-31,46,La Rioja,46042,Chilecito,3
2017-12-31,46,La Rioja,46091,General San Martín,18
2017-12-31,46,La Rioja,46112,Rosario Vera Peñaloza,42
2017-12-31,46,La Rioja,46063,General Belgrano,9
2017-12-31,46,La Rioja,46098,Vinchina,8
2017-12-31,46,La Rioja,46105,Independencia,13
2017-12-31,50,Mendoza,50063,Luján de Cuyo,31
2017-12-31,50,Mendoza,50007,Capital,698
2017-12-31,50,Mendoza,50035,Junín,45
2017-12-31,50,Mendoza,50021,Godoy Cruz,76
2017-12-31,50,Mendoza,50098,San Martín,905
2017-12-31,50,Mendoza,50028,Guaymallén,152
2017-12-31,50,Mendoza,50056,Lavalle,104
2017-12-31,50,Mendoza,50112,Santa Rosa,81
2017-12-31,50,Mendoza,50084,Rivadavia,44
2017-12-31,50,Mendoza,50070,Maipú,83
2017-12-31,50,Mendoza,50049,Las Heras,86
2017-12-31,50,Mendoza,50091,San Carlos,62
2017-12-31,50,Mendoza,50126,Tupungato,16
2017-12-31,50,Mendoza,50105,San Rafael,40
2017-12-31,50,Mendoza,50119,Tunuyán,53
2017-12-31,54,Misiones,54014,Cainguás,65
2017-12-31,54,Misiones,54021,Candelaria,7
2017-12-31,54,Misiones,54077,Libertador General San Martín,54
2017-12-31,54,Misiones,54028,Capital,1941
2017-12-31,54,Misiones,54084,Montecarlo,46
2017-12-31,54,Misiones,54049,General Manuel Belgrano,27
2017-12-31,54,Misiones,54056,Guaraní,1
2017-12-31,54,Misiones,54007,Apóstoles,72
2017-12-31,54,Misiones,54098,San Ignacio,12
2017-12-31,54,Misiones,54070,Leandro N. Alem,1
2017-12-31,54,Misiones,54063,Iguazú,36
2017-12-31,54,Misiones,54042,Eldorado,500
2017-12-31,54,Misiones,54119,25 de Mayo,27
2017-12-31,54,Misiones,54091,Oberá,73
2017-12-31,54,Misiones,54112,San Pedro,44
2017-12-31,58,Neuquén,58070,Los Lagos,9
2017-12-31,58,Neuquén,58035,Confluencia,53
2017-12-31,58,Neuquén,58056,Lácar,129
2017-12-31,58,Neuquén,58112,Zapala,1
2017-12-31,58,Neuquén,58049,Huiliches,35
2017-12-31,62,Río Negro,62042,General Roca,29
2017-12-31,62,Río Negro,62035,El Cuy,1
2017-12-31,62,Río Negro,62007,Adolfo Alsina,7
2017-12-31,62,Río Negro,62070,Pilcaniyeu,5
2017-12-31,62,Río Negro,62021,Bariloche,723
2017-12-31,62,Río Negro,62084,Valcheta,2
2017-12-31,62,Río Negro,62049,9 de Julio,10
2017-12-31,66,Salta,66021,Cafayate,9
2017-12-31,66,Salta,66028,Capital,1786
2017-12-31,66,Salta,66147,Rosario de Lerma,35
2017-12-31,66,Salta,66049,General Güemes,27
2017-12-31,66,Salta,66014,Cachi,3
2017-12-31,66,Salta,66007,Anta,42
2017-12-31,66,Salta,66084,La Candelaria,12
2017-12-31,66,Salta,66105,Los Andes,1
2017-12-31,66,Salta,66042,Chicoana,12
2017-12-31,66,Salta,66056,General José de San Martín,115
2017-12-31,66,Salta,66133,Rivadavia,2
2017-12-31,66,Salta,66112,Metán,39
2017-12-31,66,Salta,66035,Cerrillos,12
2017-12-31,66,Salta,66140,Rosario de la Frontera,29
2017-12-31,66,Salta,66077,La Caldera,3
2017-12-31,66,Salta,66126,Orán,74
2017-12-31,66,Salta,66098,La Viña,6
2017-12-31,66,Salta,66154,San Carlos,9
2017-12-31,70,San Juan,70007,Albardón,17
2017-12-31,70,San Juan,70028,Capital,191
2017-12-31,70,San Juan,70091,San Martín,60
2017-12-31,70,San Juan,70021,Calingasta,29
2017-12-31,70,San Juan,70035,Caucete,37
2017-12-31,70,San Juan,70014,Angaco,55
2017-12-31,70,San Juan,70056,Jáchal,33
2017-12-31,70,San Juan,70049,Iglesia,35
2017-12-31,70,San Juan,70042,Chimbas,335
2017-12-31,70,San Juan,70070,Pocito,57
2017-12-31,70,San Juan,70077,Rawson,221
2017-12-31,70,San Juan,70098,Santa Lucía,38
2017-12-31,70,San Juan,70119,Valle Fértil,33
2017-12-31,70,San Juan,70084,Rivadavia,71
2017-12-31,70,San Juan,70105,Sarmiento,57
2017-12-31,70,San Juan,70126,25 de Mayo,36
2017-12-31,70,San Juan,70063,9 de Julio,9
2017-12-31,70,San Juan,70112,Ullúm,37
2017-12-31,70,San Juan,70133,Zonda,62
2017-12-31,74,San Luis,74028,Chacabuco,5
2017-12-31,74,San Luis,74007,Ayacucho,1
2017-12-31,74,San Luis,74049,Junín,4
2017-12-31,74,San Luis,74035,General Pedernera,6
2017-12-31,74,San Luis,74021,Coronel Pringles,1
2017-12-31,74,San Luis,74056,Juan Martín Pueyrredón,378
2017-12-31,82,Santa Fe,82084,Rosario,22
2017-12-31,82,Santa Fe,82049,General Obligado,136
2017-12-31,82,Santa Fe,82021,Castellanos,32
2017-12-31,82,Santa Fe,82028,Constitución,33
2017-12-31,82,Santa Fe,82119,San Lorenzo,18
2017-12-31,82,Santa Fe,82035,Garay,24
2017-12-31,82,Santa Fe,82133,Vera,32
2017-12-31,86,Santiago del Estero,86021,Atamisqui,19
2017-12-31,86,Santiago del Estero,86028,Avellaneda,11
2017-12-31,86,Santiago del Estero,86077,General Taboada,40
2017-12-31,86,Santiago del Estero,86105,Loreto,5
2017-12-31,86,Santiago del Estero,86014,Alberdi,9
2017-12-31,86,Santiago del Estero,86049,Capital,1562
2017-12-31,86,Santiago del Estero,86063,Choya,20
2017-12-31,86,Santiago del Estero,86119,Moreno,208
2017-12-31,86,Santiago del Estero,86035,Banda,811
2017-12-31,86,Santiago del Estero,86056,Copo,46
2017-12-31,86,Santiago del Estero,86084,Guasayán,19
2017-12-31,86,Santiago del Estero,86161,Robles,14
2017-12-31,86,Santiago del Estero,86147,Río Hondo,5
2017-12-31,94,Tierra del Fuego,94007,Río Grande,3
2017-12-31,90,Tucumán,90028,Famaillá,6
2017-12-31,90,Tucumán,90042,Juan Bautista Alberdi,249
2017-12-31,90,Tucumán,90021,Chicligasta,113
2017-12-31,90,Tucumán,90119,Yerba Buena,302
2017-12-31,90,Tucumán,90014,Cruz Alta,1911
2017-12-31,90,Tucumán,90007,Burruyacú,69
2017-12-31,90,Tucumán,90070,Monteros,104
2017-12-31,90,Tucumán,90084,Capital,6041
2017-12-31,90,Tucumán,90077,Río Chico,230
2017-12-31,90,Tucumán,90035,Graneros,41
2017-12-31,90,Tucumán,90049,La Cocha,31
2017-12-31,90,Tucumán,90063,Lules,930
2017-12-31,90,Tucumán,90112,Trancas,43
2017-12-31,90,Tucumán,90091,Simoca,2009
2017-12-31,90,Tucumán,90056,Leales,34
2017-12-31,90,Tucumán,90105,Tafí Viejo,1480
2017-12-31,90,Tucumán,90098,Tafí del Valle,2
2018-02-29,06,Buenos Aires,06014,Adolfo Gonzales Chaves,89
2018-02-29,06,Buenos Aires,06021,Alberti,17
2018-02-29,06,Buenos Aires,06028,Almirante Brown,6126
2018-02-29,06,Buenos Aires,06070,Baradero,98
2018-02-29,06,Buenos Aires,06182,Coronel de Marina Leonardo Rosales,109
2018-02-29,06,Buenos Aires,06007,Adolfo Alsina,151
2018-02-29,06,Buenos Aires,06077,Arrecifes,83
2018-02-29,06,Buenos Aires,06161,Carmen de Areco,31
2018-02-29,06,Buenos Aires,06098,Berisso,1650
2018-02-29,06,Buenos Aires,06063,Balcarce,58
2018-02-29,06,Buenos Aires,06049,Azul,252
2018-02-29,06,Buenos Aires,06091,Berazategui,5489
2018-02-29,06,Buenos Aires,06274,Florencio Varela,9749
2018-02-29,06,Buenos Aires,06035,Avellaneda,4947
2018-02-29,06,Buenos Aires,06084,Benito Juárez,71
2018-02-29,06,Buenos Aires,06175,Colón,79
2018-02-29,06,Buenos Aires,06203,Coronel Suárez,22
2018-02-29,06,Buenos Aires,06105,Bolívar,7
2018-02-29,06,Buenos Aires,06126,Campana,409
2018-02-29,06,Buenos Aires,06147,Carlos Casares,78
2018-02-29,06,Buenos Aires,06294,General Arenales,28
2018-02-29,06,Buenos Aires,06042,Ayacucho,14
2018-02-29,06,Buenos Aires,06392,General Villegas,11
2018-02-29,06,Buenos Aires,06189,Coronel Dorrego,107
2018-02-29,06,Buenos Aires,06277,Florentino Ameghino,102
2018-02-29,06,Buenos Aires,06119,Brandsen,78
2018-02-29,06,Buenos Aires,06270,Ezeiza,2498
2018-02-29,06,Buenos Aires,06245,Ensenada,1166
2018-02-29,06,Buenos Aires,06357,General Pueyrredón,5013
2018-02-29,06,Buenos Aires,06056,Bahía Blanca,108
2018-02-29,06,Buenos Aires,06525,Marcos Paz,670
2018-02-29,06,Buenos Aires,06210,Chacabuco,156
2018-02-29,06,Buenos Aires,06315,General Juan Madariaga,14
2018-02-29,06,Buenos Aires,06140,Capitán Sarmiento,15
2018-02-29,06,Buenos Aires,06329,General Las Heras,317
2018-02-29,06,Buenos Aires,06413,Junín,263
2018-02-29,06,Buenos Aires,06364,General Rodríguez,629
2018-02-29,06,Buenos Aires,06112,Bragado,183
2018-02-29,06,Buenos Aires,06532,Mercedes,249
2018-02-29,06,Buenos Aires,06260,Esteban Echeverría,3315
2018-02-29,06,Buenos Aires,06483,Lobos,125
2018-02-29,06,Buenos Aires,06196,Coronel Pringles,35
2018-02-29,06,Buenos Aires,06462,Leandro N. Alem,15
2018-02-29,06,Buenos Aires,06420,La Costa,220
2018-02-29,06,Buenos Aires,06455,Las Flores,9
2018-02-29,06,Buenos Aires,06134,Cañuelas,792
2018-02-29,06,Buenos Aires,06539,Merlo,2833
2018-02-29,06,Buenos Aires,06322,General La Madrid,96
2018-02-29,06,Buenos Aires,06515,Malvinas Argentinas,1658
2018-02-29,06,Buenos Aires,06217,Chascomús,24
2018-02-29,06,Buenos Aires,06505,Magdalena,4
2018-02-29,06,Buenos Aires,06476,Lobería,112
2018-02-29,06,Buenos Aires,06466,Lezama,19
2018-02-29,06,Buenos Aires,06168,Castelli,49
2018-02-29,06,Buenos Aires,06595,Olavarría,15
2018-02-29,06,Buenos Aires,06343,General Paz,282
2018-02-29,06,Buenos Aires,06553,Monte Hermoso,24
2018-02-29,06,Buenos Aires,06224,Chivilcoy,226
2018-02-29,06,Buenos Aires,06560,Moreno,4580
2018-02-29,06,Buenos Aires,06602,Patagones,67
2018-02-29,06,Buenos Aires,06581,Necochea,240
2018-02-29,06,Buenos Aires,06287,General Alvear,4
2018-02-29,06,Buenos Aires,06651,Puán,39
2018-02-29,06,Buenos Aires,06385,General Viamonte,99
2018-02-29,06,Buenos Aires,06568,Morón,1301
2018-02-29,06,Buenos Aires,06238,Dolores,9
2018-02-29,06,Buenos Aires,06655,Punta Indio,101
2018-02-29,06,Buenos Aires,06644,Pinamar,57
2018-02-29,06,Buenos Aires,06638,Pilar,1874
2018-02-29,06,Buenos Aires,06301,General Belgrano,57
2018-02-29,06,Buenos Aires,06700,Saavedra,91
2018-02-29,06,Buenos Aires,06399,Guaminí,80
2018-02-29,06,Buenos Aires,06616,Pellegrini,28
2018-02-29,06,Buenos Aires,06252,Escobar,947
2018-02-29,06,Buenos Aires,06693,Roque Pérez,69
2018-02-29,06,Buenos Aires,06672,Rauch,62
2018-02-29,06,Buenos Aires,06658,Quilmes,8939
2018-02-29,06,Buenos Aires,06336,General Lavalle,8
2018-02-29,06,Buenos Aires,06756,San Isidro,195
2018-02-29,06,Buenos Aires,06408,Hurlingham,1470
2018-02-29,06,Buenos Aires,06648,Presidente Perón,2194
2018-02-29,06,Buenos Aires,06280,General Alvarado,150
2018-02-29,06,Buenos Aires,06728,San Andrés de Giles,39
2018-02-29,06,Buenos Aires,06805,Tigre,2197
2018-02-29,06,Buenos Aires,06735,San Antonio de Areco,44
2018-02-29,06,Buenos Aires,06410,Ituzaingó,1001
2018-02-29,06,Buenos Aires,06868,Villa Gesell,59
2018-02-29,06,Buenos Aires,06412,José C. Paz,8367
2018-02-29,06,Buenos Aires,06665,Ramallo,14
2018-02-29,06,Buenos Aires,06351,General Pinto,34
2018-02-29,06,Buenos Aires,06763,San Nicolás,322
2018-02-29,06,Buenos Aires,06882,Zárate,476
2018-02-29,06,Buenos Aires,06721,Salliqueló,13
2018-02-29,06,Buenos Aires,06826,Trenque Lauquen,26
2018-02-29,06,Buenos Aires,06854,25 de Mayo,8
2018-02-29,06,Buenos Aires,06434,Lanús,4521
2018-02-29,06,Buenos Aires,06784,Suipacha,78
2018-02-29,06,Buenos Aires,06371,General San Martín,4695
2018-02-29,06,Buenos Aires,06875,Villarino,83
2018-02-29,06,Buenos Aires,06497,Luján,576
2018-02-29,06,Buenos Aires,06847,Tres Lomas,20
2018-02-29,06,Buenos Aires,06609,Pehuajó,16
2018-02-29,06,Buenos Aires,06427,La Matanza,15727
2018-02-29,06,Buenos Aires,06630,Pila,68
2018-02-29,06,Buenos Aires,06861,Vicente López,33
2018-02-29,06,Buenos Aires,06714,Salto,6
2018-02-29,06,Buenos Aires,06441,La Plata,6521
2018-02-29,06,Buenos Aires,06749,San Fernando,1098
2018-02-29,06,Buenos Aires,06448,Laprida,38
2018-02-29,06,Buenos Aires,06760,San Miguel,3211
2018-02-29,06,Buenos Aires,06490,Lomas de Zamora,6058
2018-02-29,06,Buenos Aires,06778,San Vicente,1592
2018-02-29,06,Buenos Aires,06547,Monte,44
2018-02-29,06,Buenos Aires,06812,Tordillo,30
2018-02-29,06,Buenos Aires,06574,Navarro,157
2018-02-29,06,Buenos Aires,06623,Pergamino,149
2018-02-29,06,Buenos Aires,06686,Rojas,36
2018-02-29,06,Buenos Aires,06742,San Cayetano,4
2018-02-29,06,Buenos Aires,06770,San Pedro,42
2018-02-29,06,Buenos Aires,06791,Tandil,314
2018-02-29,06,Buenos Aires,06833,Tres Arroyos,4
2018-02-29,06,Buenos Aires,06840,Tres de Febrero,1614
2018-02-29,10,Catamarca,10021,Andalgalá,3
2018-02-29,10,Catamarca,10042,Capayán,22
2018-02-29,10,Catamarca,10070,La Paz,16
2018-02-29,10,Catamarca,10049,Capital,1264
2018-02-29,10,Catamarca,10105,Tinogasta,15
2018-02-29,10,Catamarca,10077,Paclín,1
2018-02-29,10,Catamarca,10091,Santa María,24
2018-02-29,10,Catamarca,10098,Santa Rosa,14
2018-02-29,10,Catamarca,10112,Valle Viejo,91
2018-02-29,22,Chaco,22014,Bermejo,55
2018-02-29,22,Chaco,22043,Fray Justo Santa María de Oro,19
2018-02-29,22,Chaco,22105,9 de Julio,7
2018-02-29,22,Chaco,22070,Independencia,44
2018-02-29,22,Chaco,22021,Comandante Fernández,57
2018-02-29,22,Chaco,22077,Libertad,10
2018-02-29,22,Chaco,22049,General Belgrano,2
2018-02-29,22,Chaco,22007,Almirante Brown,50
2018-02-29,22,Chaco,22036,12 de Octubre,41
2018-02-29,22,Chaco,22112,O'Higgins,57
2018-02-29,22,Chaco,22147,San Lorenzo,1
2018-02-29,22,Chaco,22063,General Güemes,368
2018-02-29,22,Chaco,22028,Chacabuco,12
2018-02-29,22,Chaco,22161,Tapenagá,2
2018-02-29,22,Chaco,22098,Mayor Luis J. Fontana,3
2018-02-29,22,Chaco,22091,Maipú,36
2018-02-29,22,Chaco,22056,General Donovan,8
2018-02-29,22,Chaco,22168,25 de Mayo,22
2018-02-29,22,Chaco,22119,Presidencia de la Plaza,30
2018-02-29,22,Chaco,22140,San Fernando,4039
2018-02-29,22,Chaco,22084,Libertador General San Martín,257
2018-02-29,22,Chaco,22154,Sargento Cabral,3
2018-02-29,22,Chaco,22133,Quitilipi,3
2018-02-29,22,Chaco,22126,1º de Mayo,2
2018-02-29,02,Ciudad de Buenos Aires,02000,"Comuna 1,Comuna 10,Comuna 11,Comuna 12,Comuna 13,Comuna 14,Comuna 15,Comuna 2,Comuna 3,Comuna 4,Comuna 5,Comuna 6,Comuna 7,Comuna 8,Comuna 9",244
2018-02-29,14,Córdoba,14007,Calamuchita,20
2018-02-29,14,Córdoba,14028,Cruz del Eje,13
2018-02-29,14,Córdoba,14042,General San Martín,11
2018-02-29,14,Córdoba,14098,Río Cuarto,25
2018-02-29,14,Córdoba,14014,Capital,31
2018-02-29,14,Córdoba,14112,Río Seco,3
2018-02-29,14,Córdoba,14168,Totoral,18
2018-02-29,14,Córdoba,14077,Pocho,2
2018-02-29,14,Córdoba,14091,Punilla,13
2018-02-29,14,Córdoba,14105,Río Primero,10
2018-02-29,18,Corrientes,18014,Berón de Astrada,8
2018-02-29,18,Corrientes,18161,San Roque,5
2018-02-29,18,Corrientes,18070,Goya,68
2018-02-29,18,Corrientes,18049,Esquina,46
2018-02-29,18,Corrientes,18021,Capital,2525
2018-02-29,18,Corrientes,18007,Bella Vista,31
2018-02-29,18,Corrientes,18035,Curuzú Cuatiá,43
2018-02-29,18,Corrientes,18154,San Miguel,16
2018-02-29,18,Corrientes,18084,Ituzaingó,9
2018-02-29,18,Corrientes,18091,Lavalle,45
2018-02-29,18,Corrientes,18168,Santo Tomé,5
2018-02-29,30,Entre Ríos,30070,La Paz,15
2018-02-29,30,Entre Ríos,30035,Federal,12
2018-02-29,30,Entre Ríos,30015,Concordia,1482
2018-02-29,30,Entre Ríos,30091,Tala,3
2018-02-29,30,Entre Ríos,30042,Feliciano,38
2018-02-29,30,Entre Ríos,30021,Diamante,3
2018-02-29,30,Entre Ríos,30056,Gualeguaychú,128
2018-02-29,30,Entre Ríos,30105,Victoria,28
2018-02-29,30,Entre Ríos,30084,Paraná,1783
2018-02-29,30,Entre Ríos,30028,Federación,39
2018-02-29,30,Entre Ríos,30098,Uruguay,90
2018-02-29,34,Formosa,34035,Patiño,18
2018-02-29,34,Formosa,34014,Formosa,820
2018-02-29,34,Formosa,34049,Pilcomayo,153
2018-02-29,34,Formosa,34042,Pilagás,21
2018-02-29,34,Formosa,34056,Pirané,5
2018-02-29,38,Jujuy,38021,Dr. Manuel Belgrano,210
2018-02-29,38,Jujuy,38007,Cochinoca,29
2018-02-29,38,Jujuy,38094,Tilcara,5
2018-02-29,38,Jujuy,38014,El Carmen,180
2018-02-29,38,Jujuy,38098,Tumbaya,1
2018-02-29,38,Jujuy,38042,Palpalá,67
2018-02-29,38,Jujuy,38028,Humahuaca,24
2018-02-29,38,Jujuy,38077,Santa Catalina,13
2018-02-29,38,Jujuy,38035,Ledesma,78
2018-02-29,38,Jujuy,38063,San Pedro,35
2018-02-29,38,Jujuy,38070,Santa Bárbara,41
2018-02-29,38,Jujuy,38112,Yavi,34
2018-02-29,46,La Rioja,46070,General Juan Facundo Quiroga,38
2018-02-29,46,La Rioja,46028,Coronel Felipe Varela,24
2018-02-29,46,La Rioja,46035,Chamical,24
2018-02-29,46,La Rioja,46014,Capital,1063
2018-02-29,46,La Rioja,46063,General Belgrano,9
2018-02-29,46,La Rioja,46091,General San Martín,16
2018-02-29,46,La Rioja,46098,Vinchina,4
2018-02-29,46,La Rioja,46105,Independencia,13
2018-02-29,46,La Rioja,46042,Chilecito,3
2018-02-29,46,La Rioja,46112,Rosario Vera Peñaloza,41
2018-02-29,50,Mendoza,50056,Lavalle,91
2018-02-29,50,Mendoza,50028,Guaymallén,143
2018-02-29,50,Mendoza,50035,Junín,43
2018-02-29,50,Mendoza,50007,Capital,656
2018-02-29,50,Mendoza,50063,Luján de Cuyo,29
2018-02-29,50,Mendoza,50021,Godoy Cruz,72
2018-02-29,50,Mendoza,50098,San Martín,831
2018-02-29,50,Mendoza,50070,Maipú,64
2018-02-29,50,Mendoza,50084,Rivadavia,38
2018-02-29,50,Mendoza,50105,San Rafael,36
2018-02-29,50,Mendoza,50049,Las Heras,82
2018-02-29,50,Mendoza,50091,San Carlos,47
2018-02-29,50,Mendoza,50126,Tupungato,13
2018-02-29,50,Mendoza,50112,Santa Rosa,80
2018-02-29,50,Mendoza,50119,Tunuyán,50
2018-02-29,54,Misiones,54014,Cainguás,63
2018-02-29,54,Misiones,54028,Capital,1648
2018-02-29,54,Misiones,54056,Guaraní,1
2018-02-29,54,Misiones,54007,Apóstoles,69
2018-02-29,54,Misiones,54063,Iguazú,34
2018-02-29,54,Misiones,54084,Montecarlo,42
2018-02-29,54,Misiones,54077,Libertador General San Martín,47
2018-02-29,54,Misiones,54070,Leandro N. Alem,1
2018-02-29,54,Misiones,54119,25 de Mayo,25
2018-02-29,54,Misiones,54042,Eldorado,455
2018-02-29,54,Misiones,54021,Candelaria,6
2018-02-29,54,Misiones,54098,San Ignacio,10
2018-02-29,54,Misiones,54049,General Manuel Belgrano,24
2018-02-29,54,Misiones,54112,San Pedro,40
2018-02-29,54,Misiones,54091,Oberá,70
2018-02-29,58,Neuquén,58070,Los Lagos,6
2018-02-29,58,Neuquén,58056,Lácar,81
2018-02-29,58,Neuquén,58035,Confluencia,52
2018-02-29,58,Neuquén,58049,Huiliches,35
2018-02-29,62,Río Negro,62049,9 de Julio,8
2018-02-29,62,Río Negro,62070,Pilcaniyeu,5
2018-02-29,62,Río Negro,62007,Adolfo Alsina,6
2018-02-29,62,Río Negro,62035,El Cuy,1
2018-02-29,62,Río Negro,62021,Bariloche,612
2018-02-29,62,Río Negro,62084,Valcheta,1
2018-02-29,62,Río Negro,62042,General Roca,28
2018-02-29,66,Salta,66147,Rosario de Lerma,26
2018-02-29,66,Salta,66084,La Candelaria,12
2018-02-29,66,Salta,66007,Anta,34
2018-02-29,66,Salta,66035,Cerrillos,12
2018-02-29,66,Salta,66014,Cachi,3
2018-02-29,66,Salta,66140,Rosario de la Frontera,27
2018-02-29,66,Salta,66021,Cafayate,5
2018-02-29,66,Salta,66042,Chicoana,11
2018-02-29,66,Salta,66028,Capital,1609
2018-02-29,66,Salta,66105,Los Andes,1
2018-02-29,66,Salta,66056,General José de San Martín,112
2018-02-29,66,Salta,66049,General Güemes,24
2018-02-29,66,Salta,66098,La Viña,4
2018-02-29,66,Salta,66112,Metán,37
2018-02-29,66,Salta,66077,La Caldera,3
2018-02-29,66,Salta,66126,Orán,70
2018-02-29,66,Salta,66133,Rivadavia,2
2018-02-29,70,San Juan,70021,Calingasta,28
2018-02-29,70,San Juan,70035,Caucete,34
2018-02-29,70,San Juan,70049,Iglesia,34
2018-02-29,70,San Juan,70007,Albardón,16
2018-02-29,70,San Juan,70014,Angaco,49
2018-02-29,70,San Juan,70105,Sarmiento,55
2018-02-29,70,San Juan,70028,Capital,158
2018-02-29,70,San Juan,70084,Rivadavia,67
2018-02-29,70,San Juan,70042,Chimbas,313
2018-02-29,70,San Juan,70119,Valle Fértil,28
2018-02-29,70,San Juan,70126,25 de Mayo,34
2018-02-29,70,San Juan,70098,Santa Lucía,35
2018-02-29,70,San Juan,70112,Ullúm,36
2018-02-29,70,San Juan,70091,San Martín,58
2018-02-29,70,San Juan,70056,Jáchal,33
2018-02-29,70,San Juan,70063,9 de Julio,8
2018-02-29,70,San Juan,70070,Pocito,56
2018-02-29,70,San Juan,70077,Rawson,196
2018-02-29,70,San Juan,70133,Zonda,59
2018-02-29,74,San Luis,74049,Junín,2
2018-02-29,74,San Luis,74056,Juan Martín Pueyrredón,289
2018-02-29,74,San Luis,74021,Coronel Pringles,1
2018-02-29,74,San Luis,74028,Chacabuco,5
2018-02-29,74,San Luis,74035,General Pedernera,5
2018-02-29,82,Santa Fe,82049,General Obligado,127
2018-02-29,82,Santa Fe,82028,Constitución,31
2018-02-29,82,Santa Fe,82021,Castellanos,32
2018-02-29,82,Santa Fe,82119,San Lorenzo,16
2018-02-29,82,Santa Fe,82035,Garay,23
2018-02-29,82,Santa Fe,82133,Vera,31
2018-02-29,82,Santa Fe,82084,Rosario,15
2018-02-29,86,Santiago del Estero,86014,Alberdi,4
2018-02-29,86,Santiago del Estero,86028,Avellaneda,8
2018-02-29,86,Santiago del Estero,86063,Choya,14
2018-02-29,86,Santiago del Estero,86021,Atamisqui,19
2018-02-29,86,Santiago del Estero,86035,Banda,738
2018-02-29,86,Santiago del Estero,86056,Copo,40
2018-02-29,86,Santiago del Estero,86049,Capital,1454
2018-02-29,86,Santiago del Estero,86077,General Taboada,37
2018-02-29,86,Santiago del Estero,86105,Loreto,2
2018-02-29,86,Santiago del Estero,86084,Guasayán,18
2018-02-29,86,Santiago del Estero,86119,Moreno,194
2018-02-29,86,Santiago del Estero,86147,Río Hondo,5
2018-02-29,86,Santiago del Estero,86161,Robles,14
2018-02-29,90,Tucumán,90028,Famaillá,5
2018-02-29,90,Tucumán,90021,Chicligasta,104
2018-02-29,90,Tucumán,90091,Simoca,1901
2018-02-29,90,Tucumán,90007,Burruyacú,66
2018-02-29,90,Tucumán,90042,Juan Bautista Alberdi,222
2018-02-29,90,Tucumán,90112,Trancas,43
2018-02-29,90,Tucumán,90084,Capital,5551
2018-02-29,90,Tucumán,90035,Graneros,36
2018-02-29,90,Tucumán,90077,Río Chico,216
2018-02-29,90,Tucumán,90049,La Cocha,30
2018-02-29,90,Tucumán,90119,Yerba Buena,284
2018-02-29,90,Tucumán,90014,Cruz Alta,1814
2018-02-29,90,Tucumán,90063,Lules,860
2018-02-29,90,Tucumán,90056,Leales,30
2018-02-29,90,Tucumán,90070,Monteros,96
2018-02-29,90,Tucumán,90098,Tafí del Valle,2
2018-02-29,90,Tucumán,90105,Tafí Viejo,1391
